,name,namelength,price,color,cmc,rarity
0,Monastery Swiftspear,20,$2.79,R,1,U
1,Stormwing Entity,16,$3.99,U,4,R
2,Soul-Scar Mage,14,$7.49,R,1,R
3,Sprite Dragon,13,$2.49,UR,2,U
4,Dragon's Rage Channeler,23,$3.49,R,1,U
5,Bedlam Reveler,14,$1.29,R,7,R
6,"Ragavan, Nimble Pilferer",24,$94.99,R,1,M
7,Murktide Regent,15,$27.99,U,6,M
8,Snapcaster Mage,15,$74.99,U,2,R
9,Brazen Borrower,15,$19.99,U,2,M
10,Lightning Bolt,14,$3.99,R,1,U
11,Manamorphose,12,$5.99,R,2,U
12,Lava Dart,9,$0.25,R,1,C
13,Mutagenic Growth,16,$3.49,G,1,U
14,Opt,3,$0.25,U,1,C
15,Gut Shot,8,$1.79,R,1,C
16,Burst Lightning,15,$0.25,R,1,C
17,Vapor Snag,10,$0.49,U,1,C
18,Unholy Heat,11,$0.99,R,1,C
19,Wild Slash,10,$0.49,R,1,U
20,Counterspell,12,$1.49,U,1,C
21,Archmage's Charm,16,$17.99,U,1,R
22,Thought Scour,13,$0.69,U,1,C
23,Force of Negation,17,$89.99,U,2,R
24,Light Up the Stage,18,$0.35,R,3,U
25,Expressive Iteration,20,$7.99,UR,2,U
26,Serum Visions,13,$1.79,U,1,U
27,Crash Through,13,$0.25,R,1,C
28,Mishra's Bauble,15,$13.99,V,0,U
29,Spirebluff Canal,16,$19.99,V,0,R
30,Mountain,8,$0.01,V,0,B
31,Fiery Islet,11,$20.99,V,0,R
32,Steam Vents,11,$17.99,V,0,R
33,Scalding Tarn,13,$42.99,V,0,R
34,Wooded Foothills,16,$49.99,V,0,R
35,Bloodstained Mire,17,$47.99,V,0,R
36,Arid Mesa,9,$23.99,V,0,R
37,Island,6,$0.01,V,0,B
38,Flooded Strand,14,$39.99,V,0,R
39,Snow-Covered Mountain,21,$0.99,V,0,C
40,Polluted Delta,14,$49.99,V,0,R
41,Hallowed Fountain,17,$9.99,V,0,R
42,Lava Spike,10,$3.99,R,1,C
43,Misty Rainforest,16,$34.99,V,0,R
44,Sulfur Falls,12,$5.99,V,0,R
45,Spell Pierce,12,$0.49,U,1,C
46,Prismari Command,16,$9.49,UR,3,R
47,Snow-Covered Island,19,$1.49,V,0,C
48,Sleight of Hand,15,$1.29,U,1,C
49,Bonecrusher Giant,17,$1.49,R,3,R
50,Delver of Secrets,17,$0.49,U,1,M
51,Kiln Fiend,10,$0.25,R,2,C
52,Rift Bolt,9,$0.25,R,3,C
53,Blood Moon,10,$21.99,R,3,R
54,Surgical Extraction,19,$32.99,B,1,R
55,Peek,4,$0.25,U,1,C
56,Fire/Ice,8,$0.35,UR,3,U
57,Cryptic Command,15,$24.99,U,2,R
58,Spellstutter Sprite,19,$4.49,U,2,C
59,Hall of Storm Giants,20,$2.79,V,0,R
60,The Royal Scions,16,$2.29,UR,3,M
61,Dreadhorde Arcanist,19,$2.29,R,2,R
62,Temur Battle Rage,17,$0.25,R,2,C
63,Tarfire,7,$0.25,R,1,C
64,Shivan Reef,11,$1.29,V,0,R
65,Forked Bolt,11,$0.49,R,1,C
66,Spell Snare,11,$0.59,U,1,U
67,Seal of Removal,15,$0.25,U,1,C
68,Remand,6,$3.99,U,2,U
69,Seasoned Pyromancer,19,$44.99,R,2,M
70,Of One Mind,11,$0.25,U,3,C
71,Watery Grave,12,$17.99,V,0,R
72,Prismatic Ending,16,$3.49,W,1,U
73,Firebolt,8,$0.25,R,1,C
74,Riverglide Pathway,18,$6.49,V,0,R
75,"Jace, the Mind Sculptor",23,$69.99,U,3,M
76,Stern Dismissal,15,$0.25,U,1,C
77,Stormchaser Mage,16,$0.29,UR,2,U
78,Goldspan Dragon,15,$54.99,R,4,M
79,Engineered Explosives,21,$17.99,V,0,R
80,Dead/Gone,9,$0.25,R,3,C
81,Flame Slash,11,$0.35,R,1,C
82,Castle Vantress,15,$1.79,V,0,R
83,Nimble Obstructionist,21,$0.39,U,3,R
84,Stomping Ground,15,$15.99,V,0,R
85,Blistercoil Weird,17,$0.25,U,1,U
86,Silumgar's Scorn,16,$0.25,U,1,U
87,Assault Strobe,14,$0.69,R,1,C
88,Magmatic Sinkhole,17,$0.25,R,6,C
89,Fabled Passage,14,$7.99,V,0,R
90,Magmatic Channeler,18,$0.79,R,2,R
91,Abrade,6,$0.59,R,2,U
92,Cascade Bluffs,14,$9.99,V,0,R
93,Cleansing Wildfire,18,$0.35,R,2,C
94,Subtlety,8,$8.99,U,3,M
95,Thing in the Ice,16,$7.99,U,2,R
96,Memory Lapse,12,$0.25,U,2,C
97,Monastery Mentor,16,$19.99,W,3,M
98,Wizard's Lightning,18,$0.25,R,3,U
99,Bloodwater Entity,17,$0.25,UR,3,U
100,Seal of Fire,12,$0.39,R,1,C
101,Raugrin Triome,14,$15.99,V,0,R
102,Burning Prophet,15,$0.25,R,2,C
103,Inspiring Vantage,17,$8.99,V,0,R
104,Demilich,8,$9.99,U,1,M
105,Become Immense,14,$0.25,G,6,U
106,Blood Crypt,11,$29.99,V,0,R
107,Electrolyze,11,$0.25,UR,3,U
108,Pithing Needle,14,$5.99,V,1,R
109,Sunbaked Canyon,15,$21.99,V,0,R
110,Flusterstorm,12,$22.99,U,1,R
111,Kolaghan's Command,18,$16.99,RB,3,R
112,Faithless Looting,17,$0.29,R,1,C
113,Apostle's Blessing,18,$0.29,W,2,C
114,Soul-Guide Lantern,18,$3.99,V,1,U
115,Spreading Seas,14,$1.99,U,2,C
116,Strike It Rich,14,$0.25,R,1,U
117,Disrupting Shoal,16,$0.59,U,1,R
118,Sleep of the Dead,17,$0.25,U,1,C
119,Underworld Breach,17,$7.99,R,2,R
120,Finale of Promise,17,$2.99,R,1,M
121,Noxious Revival,15,$16.99,G,1,U
122,Unsummon,8,$0.25,U,1,C
123,Prismatic Vista,15,$32.99,V,0,R
124,Izzet Charm,11,$0.29,UR,2,U
125,Shark Typhoon,13,$11.99,U,6,R
126,Logic Knot,10,$0.25,U,1,C
127,Swamp,5,$0.01,V,0,B
128,Rip Apart,9,$0.49,RW,2,U
129,Aether Gust,11,$0.59,U,2,U
130,Reckless Charge,15,$0.25,R,1,C
131,Unsubstantiate,14,$0.25,U,2,U
132,Mana Leak,9,$0.25,U,2,C
133,Ideas Unbound,13,$1.29,U,1,C
134,Forgotten Cave,14,$0.25,V,0,C
135,Pyrite Spellbomb,16,$0.25,V,1,C
136,Bomat Courier,13,$0.35,V,1,R
137,Ghost Quarter,13,$0.35,V,0,U
138,Myriad Construct,16,$0.25,V,4,R
139,Shock,5,$0.25,R,1,C
140,Sacred Foundry,14,$19.99,V,0,R
141,Young Pyromancer,16,$0.79,R,2,U
144,Kozilek's Return,16,$12.99,R,3,M
145,Dragon's Claw,13,$0.25,V,2,U
149,Tormod's Crypt,14,$0.49,V,0,C
152,Mystical Dispute,16,$0.79,U,3,U
153,Relic of Progenitus,19,$6.99,V,1,U
156,Dispel,6,$0.29,U,1,C
157,Alpine Moon,11,$10.99,R,1,R
160,Threads of Disloyalty,21,$0.35,U,2,R
161,Shattering Spree,16,$1.79,R,1,U
163,Leyline of the Void,19,$7.49,B,3,R
167,Void Mirror,11,$1.79,V,2,R
171,Ceremonious Rejection,21,$0.25,U,1,U
173,"Kataki, War's Wage",18,$9.99,W,2,R
174,Grafdigger's Cage,17,$3.49,V,1,R
175,Chalice of the Void,19,$69.99,V,0,S
176,Dismember,9,$4.49,B,2,U
177,Smash to Smithereens,20,$0.35,R,2,C
178,Lurrus of the Dream-Den,23,$11.99,W,2,R
180,Anger of the Gods,17,$1.49,R,2,R
181,Dress Down,10,$3.49,U,2,R
182,Ravenous Trap,13,$0.25,B,3,U
184,Disdainful Stroke,17,$0.25,U,2,C
185,Echoing Truth,13,$0.35,U,2,C
186,Claim the Firstborn,19,$0.25,R,1,U
187,Hurkyl's Recall,15,$5.49,U,2,R
189,Molten Rain,11,$0.29,R,2,C
191,Wear/Tear,9,$2.29,R,2,U
192,Vendilion Clique,16,$8.99,U,2,M
193,Torpor Orb,10,$15.99,V,2,R
197,Shrine of Burning Rage,22,$0.49,V,2,U
198,Skullcrack,10,$2.79,R,2,U
200,Shenanigans,11,$0.25,R,2,C
202,Miscast,7,$0.99,U,1,U
203,Goblin Cratermaker,18,$0.35,R,2,U
204,Reality Hemorrhage,18,$0.25,R,2,C
205,Path to Exile,13,$5.49,W,1,U
207,Grim Lavamancer,15,$0.35,R,1,R
208,Harsh Mentor,12,$0.25,R,2,R
210,Magus of the Moon,17,$3.99,R,3,R
213,Rampaging Ferocidon,19,$4.99,R,3,R
215,Pillage,7,$0.25,R,2,U
216,Pyroclasm,9,$0.25,R,2,U
217,Unified Will,12,$0.25,U,2,U
218,Roiling Vortex,14,$0.99,R,2,R
219,Search for Azcanta,18,$7.99,U,2,R
220,Negate,6,$0.25,U,2,C
221,Timely Reinforcements,21,$0.99,W,3,U
222,Searing Blaze,13,$2.79,R,1,C
223,Ancient Grudge,14,$0.25,R,2,C
224,Shatterstorm,12,$0.35,R,3,R
226,Test of Talents,15,$0.25,U,2,U
229,Leyline of Sanctity,19,$5.99,W,3,R
231,By Force,8,$1.29,R,1,U
235,Fiery Cannonade,15,$0.25,R,3,U
236,Tormod's Cryptkeeper,20,$0.25,V,3,C
238,Leyline of Combustion,21,$0.59,R,3,R
239,Stubborn Denial,15,$1.29,U,1,U
241,Crackling Drake,15,$0.25,UR,2,U
242,Tarmogoyf,9,$32.99,G,2,R
245,"Ashiok, Dream Render",20,$2.99,U,2,U
246,Magma Spray,11,$0.25,R,1,C
247,Izzet Staticaster,17,$0.25,UR,3,U
248,Rest in Peace,13,$7.99,W,2,R
249,Aria of Flame,13,$0.79,R,3,R
250,Counterbalance,14,$17.99,U,1,U
251,Scrabbling Claws,16,$0.25,V,1,U
252,Leyline of Punishment,21,$2.49,R,3,R
253,Nihil Spellbomb,15,$0.79,V,1,C
254,Vedalken Shackles,17,$9.99,V,3,R
255,"Kozilek, Butcher of Truth",25,$74.99,V,10,M
257,Fury,4,$19.99,R,4,M
258,Pact of Negation,16,$10.99,V,0,R
260,Delay,5,$0.79,U,2,U
262,Rough/Tumble,12,$0.25,R,2,U
265,Damping Sphere,14,$2.99,V,2,U
266,Veil of Summer,14,$11.99,G,1,U
268,Pyromancer Ascension,20,$0.35,R,2,R
270,Echoing Ruin,12,$0.25,R,2,C
271,"Chandra, Awakened Inferno",25,$12.99,R,5,M
273,Fry,3,$0.25,R,2,U
275,Dire Fleet Daredevil,20,$1.29,R,2,R
276,"Chandra, Torch of Defiance",26,$9.49,R,3,M
279,Shadowspear,11,$24.99,V,1,R
281,Spellskite,10,$4.99,V,2,R
283,Hazoret the Fervent,19,$2.49,R,4,M
284,Seal of Cleansing,17,$0.25,W,2,C
285,Sulfur Elemental,16,$0.25,R,3,U
286,"Emrakul, the Aeons Torn",23,$49.99,V,15,M
287,Tale's End,10,$1.99,U,2,R
288,Hibernation,11,$0.25,U,3,U
289,Thalia's Lieutenant,19,$0.69,W,2,R
290,Champion of the Parish,22,$2.29,W,1,R
291,Noble Hierarch,14,$17.99,G,1,R
292,Mantis Rider,12,$1.29,URW,3,R
293,Meddling Mage,13,$1.79,UW,2,R
294,Reflector Mage,14,$0.99,UW,3,U
295,Phantasmal Image,16,$10.99,U,2,R
296,Kitesail Freebooter,19,$0.25,B,2,U
297,"Thalia, Guardian of Thraben",27,$14.99,W,2,R
298,General Kudro of Drannith,25,$2.49,BW,3,M
299,Deputy of Detention,19,$0.69,UW,3,R
300,Charming Prince,15,$2.79,W,2,R
301,Unsettled Mariner,17,$3.49,UW,2,R
302,Militia Bugler,14,$0.25,W,3,U
303,Kessig Malcontents,18,$0.25,R,3,U
304,Imperial Recruiter,18,$10.99,R,3,M
305,Shardless Agent,15,$0.69,UG,3,R
306,Dark Confidant,14,$32.99,B,2,M
307,Aether Vial,11,$29.99,V,1,U
308,Cavern of Souls,15,$99.99,V,0,R
309,Unclaimed Territory,19,$3.49,V,0,U
310,Ancient Ziggurat,16,$5.49,V,0,U
311,Horizon Canopy,14,$32.99,V,0,R
312,Plains,6,$0.01,V,0,B
313,Waterlogged Grove,17,$9.99,V,0,R
315,Silent Clearing,15,$12.99,V,0,R
316,Seachrome Coast,15,$12.99,V,0,R
317,Snow-Covered Plains,19,$0.79,V,0,C
320,Gemstone Mine,13,$9.99,V,0,S
321,Mayor of Avabruck,17,$6.99,G,2,R
322,Skyclave Apparition,19,$9.49,W,2,R
323,Luminarch Aspirant,18,$3.99,W,2,R
324,Reflecting Pool,15,$29.99,V,0,R
325,Collected Company,17,$23.99,G,4,R
326,Esper Sentinel,14,$17.99,W,1,R
327,Sanctum Prelate,15,$23.99,W,2,M
328,Mirran Crusader,15,$0.99,W,2,R
330,Fervent Champion,16,$0.25,R,1,R
331,Auriok Champion,15,$24.99,W,1,R
332,Marsh Flats,11,$23.99,V,0,R
333,General Ferrous Rokiric,23,$0.69,RW,3,R
334,Ash Zealot,10,$0.49,R,1,R
335,Windswept Heath,15,$32.99,V,0,R
338,"Kytheon, Hero of Akros",22,$3.99,W,1,M
339,"Judith, the Scourge Diva",24,$0.79,RB,3,R
340,Elite Spellbinder,17,$3.49,W,3,R
341,Realmwalker,11,$4.99,G,3,R
342,Forest,6,$0.01,V,0,B
343,Godless Shrine,14,$17.99,V,0,R
345,Drannith Magistrate,19,$6.49,W,2,R
346,Eternal Witness,15,$4.99,G,2,U
347,Avacyn's Pilgrim,16,$0.59,G,1,C
348,Silverquill Silencer,20,$0.25,BW,2,R
350,"Tajic, Legion's Edge",20,$0.49,RW,3,R
351,Mana Confluence,15,$27.99,V,0,R
353,Aether Hub,10,$0.25,V,0,U
354,Kargan Intimidator,18,$0.25,R,2,R
355,"Venser, Shaper Savant",21,$2.29,U,3,M
356,Renegade Rallier,16,$0.25,GW,3,U
357,Saffi Eriksdotter,17,$0.59,GW,2,R
358,Concealed Courtyard,19,$5.99,V,0,R
359,Cartel Aristocrat,17,$0.25,BW,2,U
361,Razorverge Thicket,18,$9.99,V,0,R
362,"Thalia, Heretic Cathar",22,$5.99,W,3,R
363,Thraben Inspector,17,$0.25,W,1,C
364,Temple Garden,13,$16.99,V,0,R
365,Flagstones of Trokair,21,$3.99,V,0,R
366,Soldier of the Pantheon,23,$0.35,W,1,R
367,Ranger-Captain of Eos,21,$13.99,W,2,M
368,Glasspool Mimic,15,$3.99,U,3,R
369,Ephemerate,10,$0.99,W,1,C
370,Watcher for Tomorrow,20,$0.49,U,2,U
371,Sanctifier en-Vec,17,$1.99,W,1,R
373,Smuggler's Copter,17,$3.99,V,2,R
374,Dauntless Bodyguard,19,$0.29,W,1,U
375,Ethersworn Canonist,19,$9.49,W,2,R
379,Giant Killer,12,$0.25,W,1,R
380,Zulaport Cutthroat,18,$0.99,B,2,U
382,Restoration Angel,17,$0.99,W,4,R
383,Precinct Captain,16,$0.35,W,1,R
384,Mirror Image,12,$0.69,U,3,U
385,"Grist, the Hunger Tide",22,$6.49,BG,3,M
386,Mutavault,9,$16.99,V,0,R
387,Benalish Marshal,16,$0.69,W,1,R
388,"Alirios, Enraptured",19,$0.25,U,3,U
389,Breeding Pool,13,$19.99,V,0,R
390,Brightclimb Pathway,19,$7.49,V,0,R
391,Giver of Runes,14,$7.99,W,1,R
392,Soulherder,10,$0.59,UW,3,U
393,Archfiend's Vessel,18,$0.39,B,1,U
394,Blade Splicer,13,$0.69,W,3,R
395,"Winota, Joiner of Forces",24,$7.49,RW,4,M
396,Tithe Taker,11,$0.99,W,2,R
397,Silverblade Paladin,19,$0.79,W,2,R
398,Brave the Elements,18,$0.35,W,1,U
399,General's Enforcer,18,$0.25,BW,2,U
401,Avalanche Riders,16,$0.25,R,4,S
402,Knight of Autumn,16,$1.29,GW,3,R
403,Haktos the Unscarred,20,$0.25,RW,2,R
404,Plaguecrafter,13,$0.35,B,3,U
405,Knight of the Reliquary,23,$1.79,GW,3,R
406,Rogue Refiner,13,$0.25,UG,3,U
407,Burning-Tree Emissary,21,$0.35,R,1,U
408,Dire Tactics,12,$0.25,BW,2,U
409,Atarka's Command,16,$2.99,RG,2,R
410,Repel the Abominable,20,$0.25,W,2,U
412,City of Brass,13,$21.99,V,0,U
413,Silverquill Command,19,$0.25,BW,4,R
414,Kitesail Apprentice,19,$0.25,W,1,C
415,Overgrown Tomb,14,$17.99,V,0,R
417,Rally the Ranks,15,$0.69,W,2,R
418,"Kambal, Consul of Allocation",28,$3.49,BW,3,R
419,"Naban, Dean of Iteration",24,$0.69,U,2,R
420,Elite Guardmage,15,$0.29,UW,4,U
421,Verdant Catacombs,17,$32.99,V,0,R
422,Werewolf Pack Leader,20,$4.99,G,1,R
424,Snow-Covered Forest,19,$1.29,V,0,C
426,Voltaic Brawler,15,$0.25,RG,2,U
427,Banisher Priest,15,$0.25,W,2,U
428,Hive of the Eye Tyrant,22,$1.99,V,0,R
429,Reckless Bushwhacker,20,$0.69,R,3,U
430,Cave of the Frost Dragon,24,$1.99,V,0,R
431,Lightning Mauler,16,$0.25,R,2,U
432,"Kalain, Reclusive Painter",25,$0.25,RB,2,U
433,Krydle of Baldur's Gate,23,$0.25,UB,2,U
434,Norin the Wary,14,$1.49,R,1,R
435,Eiganjo Castle,14,$19.99,V,0,R
436,Retreat to Coralhelm,20,$1.29,U,3,U
438,"Lavinia, Azorius Renegade",25,$0.79,UW,2,R
439,Trusted Advisor,15,$0.59,U,1,U
440,"Dovin, Hand of Control",22,$0.25,W,3,U
441,Plague Engineer,15,$3.49,B,3,R
442,Grand Abolisher,15,$21.99,W,1,R
443,Hope Against Hope,17,$0.25,W,3,U
444,Oppressive Rays,15,$0.25,W,1,C
445,Angelic Destiny,15,$6.99,W,3,M
446,Rally for the Throne,20,$0.25,W,3,U
447,Orzhov Pontiff,14,$0.79,BW,3,R
448,"Sorin, Vengeful Bloodlord",25,$1.49,BW,4,R
449,"Taranika, Akroan Veteran",24,$0.25,W,2,R
450,"Liliana, Heretical Healer",25,$19.99,B,2,M
451,Collector Ouphe,15,$5.99,G,2,R
452,Agadeem's Awakening,19,$21.99,B,1,M
453,Lavabrink Venturer,18,$0.25,W,3,R
454,Goblin Guide,12,$8.99,R,1,R
455,Emeria's Call,13,$1.79,W,5,M
456,Basri's Lieutenant,18,$0.35,W,4,R
457,Botanical Sanctum,17,$7.49,V,0,R
458,Containment Priest,18,$0.35,W,2,R
459,Nurturing Peatland,18,$14.99,V,0,R
460,Moorland Haunt,14,$0.69,V,0,R
461,Phyrexian Revoker,17,$0.99,V,2,R
462,"Anafenza, the Foremost",22,$1.49,BGW,3,M
463,Reverent Hoplite,16,$0.25,W,5,U
465,Eladamri's Call,15,$5.99,GW,2,R
466,Qasali Pridemage,16,$0.69,GW,2,C
467,Gavony Township,15,$2.99,V,0,R
473,Gaddock Teeg,12,$6.49,GW,2,R
485,Sin Collector,13,$0.25,BW,3,U
495,Xathrid Necromancer,19,$0.35,B,3,R
497,Hostage Taker,13,$0.99,UB,4,R
498,Blightbeetle,12,$0.25,B,2,U
500,Aven Mindcensor,15,$0.79,W,3,R
501,Selfless Spirit,15,$8.99,W,2,R
502,"Jegantha, the Wellspring",24,$1.49,R,5,R
504,Yixlid Jailer,13,$0.25,B,2,U
507,Kor Firewalker,14,$0.69,W,1,U
510,Whirler Rogue,13,$0.25,U,3,U
514,Stony Silence,13,$6.49,W,2,R
521,Remorseful Cleric,17,$1.29,W,2,R
524,Burrenton Forge-Tender,22,$0.25,W,1,U
528,Abrupt Decay,12,$6.49,BG,2,R
529,Spatial Contortion,18,$0.39,V,1,U
530,Leonin Arbiter,14,$4.99,W,2,R
536,Celestial Purge,15,$0.25,W,2,U
537,Eidolon of Rhetoric,19,$1.29,W,3,U
538,Vithian Renegades,17,$0.25,RG,3,U
539,Cursed Totem,12,$0.69,V,2,R
541,Fiendslayer Paladin,19,$0.69,W,2,R
543,Riders of Gavony,16,$0.35,W,3,R
545,Loaming Shaman,14,$0.25,G,3,R
546,Foundation Breaker,18,$0.79,G,4,U
547,"Yorion, Sky Nomad",17,$3.99,W,4,R
551,Reclamation Sage,16,$0.29,G,3,U
553,Sorcerous Spyglass,18,$0.25,V,2,R
554,Fiend Hunter,12,$0.25,W,2,U
559,"Yawgmoth, Thran Physician",25,$18.99,B,3,M
561,Fragmentize,11,$0.25,W,1,C
564,Liliana of the Veil,19,$89.99,B,2,M
565,Geist of Saint Traft,20,$2.99,UW,3,M
566,Rest for the Weary,18,$0.25,W,2,C
567,"Oko, Thief of Crowns",20,$16.99,UG,3,M
568,Leonin Relic-Warder,19,$0.29,W,1,U
570,Elite Inquisitor,16,$0.29,W,1,R
571,Vanishing Verse,15,$2.99,BW,2,R
572,Runed Halo,10,$0.25,W,1,R
573,Deafening Silence,17,$0.69,W,1,U
577,Apostle of Purifying Light,26,$0.25,W,2,U
579,Boros Charm,11,$1.99,RW,2,U
582,"Kari Zev, Skyship Raider",24,$0.39,R,2,R
584,Idol of Endurance,17,$0.25,W,3,R
585,Deflecting Palm,15,$0.99,RW,2,R
586,Choke,5,$4.49,G,3,U
588,Master of the Wild Hunt,23,$11.99,G,3,M
589,Isareth the Awakener,20,$0.35,B,2,R
594,Sower of Temptation,19,$4.49,U,3,R
595,Scavenging Ooze,15,$1.29,G,2,R
596,Tormentor Exarch,16,$0.25,R,4,U
597,Combat Celebrant,16,$14.99,R,3,M
598,Wilt-Leaf Liege,15,$2.29,G,2,R
599,Fulminator Mage,15,$1.99,B,2,R
600,Faerie Macabre,14,$1.49,B,2,C
605,Destructive Revelry,19,$0.25,RG,2,U
606,Worship,7,$0.69,W,4,R
607,"Vivien, Champion of the Wilds",29,$2.79,G,3,R
608,Gaea's Blessing,15,$0.35,G,2,U
609,Spirit of the Labyrinth,23,$2.99,W,2,R
611,Archon of Emeria,16,$1.99,W,3,R
612,Anguished Unmaking,18,$9.99,BW,3,R
613,Dire Fleet Poisoner,19,$1.29,B,2,R
614,"Gideon, Ally of Zendikar",24,$5.99,W,3,M
615,Force of Virtue,15,$0.39,W,3,R
616,Huntmaster of the Fells,23,$25.99,RG,4,M
617,"Kira, Great Glass-Spinner",25,$5.99,U,2,R
618,Winds of Abandon,16,$3.99,W,2,R
620,Bloodbraid Elf,14,$1.29,RG,4,U
622,"Kroxa, Titan of Death's Hunger",30,$29.99,RB,2,M
625,Tireless Tracker,16,$11.99,G,3,R
627,"Klothys, God of Destiny",23,$14.99,RG,3,M
628,Ignoble Hierarch,16,$8.49,G,1,R
630,Fatal Push,10,$3.49,B,1,U
632,Assassin's Trophy,17,$17.99,BG,2,R
634,Terminate,9,$0.79,RB,2,C
635,Inquisition of Kozilek,22,$3.99,B,1,R
636,Thoughtseize,12,$17.99,B,1,R
637,Maelstrom Pulse,15,$1.99,BG,3,R
643,Wrenn and Six,13,$109.99,RG,2,M
645,Blackcleave Cliffs,18,$47.99,V,0,R
650,Raging Ravine,13,$2.49,V,0,R
656,Barren Moor,11,$0.25,V,0,C
657,Blooming Marsh,14,$11.99,V,0,R
658,Snow-Covered Swamp,18,$1.29,V,0,C
663,Grim Flayer,11,$4.99,BG,2,M
664,Dauthi Voidwalker,17,$9.99,B,1,R
665,Unearth,7,$0.29,B,1,C
666,Hexdrinker,10,$16.99,G,1,M
667,Scourge of the Skyclaves,24,$8.99,B,2,M
668,Dreadbore,9,$1.79,RB,2,R
673,Collective Brutality,20,$7.49,B,2,R
675,Tranquil Thicket,16,$0.25,V,0,C
676,Arcum's Astrolabe,17,$0.25,V,0,C
678,Bloodchief's Thirst,19,$0.49,B,1,U
679,Traverse the Ulvenwald,22,$2.29,G,1,R
680,Treetop Village,15,$0.25,V,0,U
681,"Liliana, the Last Hope",22,$27.99,B,2,M
682,Cling to Dust,13,$0.39,B,1,U
683,Smallpox,8,$0.35,B,1,U
686,Murderous Rider,15,$2.99,B,2,R
687,"Vraska, Golgari Queen",21,$5.49,BG,4,M
688,Canyon Slough,13,$3.99,V,0,R
689,Gilded Goose,12,$2.99,G,1,R
692,"Valki, God of Lies",18,$24.99,RB,3,M
694,Once Upon a Time,16,$1.49,G,2,R
695,Satyr Wayfinder,15,$0.25,G,2,C
696,Abundant Harvest,16,$0.25,G,1,R
697,Castle Locthwain,16,$5.49,V,0,R
699,Graven Cairns,13,$6.99,V,0,R
700,Goblin Rabblemaster,19,$3.99,R,3,R
701,"Tourach, Dread Cantor",21,$3.49,B,2,M
702,"Uro, Titan of Nature's Wrath",28,$18.99,UG,3,M
705,Sheltered Thicket,17,$3.99,V,0,R
706,Angrath's Rampage,17,$0.35,RB,2,U
708,Hour of Promise,15,$1.29,G,5,R
710,Cut/Ribbons,11,$0.49,R,2,R
712,Liliana's Triumph,17,$0.25,B,2,U
713,Lightning Skelemental,21,$1.49,RB,2,R
714,Copperline Gorge,16,$11.99,V,0,R
715,Twilight Mire,13,$14.99,V,0,R
716,Field of Ruin,13,$0.49,V,0,U
717,Courser of Kruphix,18,$4.99,G,2,R
718,Endurance,9,$34.99,G,2,M
719,Dragonskull Summit,18,$4.49,V,0,R
720,Zagoth Triome,13,$17.99,V,0,R
721,Smoldering Marsh,16,$2.49,V,0,R
722,Field of the Dead,17,$17.99,V,0,R
723,"Karn, the Great Creator",23,$11.99,V,4,R
724,"Rankle, Master of Pranks",24,$6.99,B,3,M
725,"Kalitas, Traitor of Ghet",24,$17.99,B,3,M
726,"Chevill, Bane of Monsters",25,$2.29,BG,2,M
728,Verdant Confluence,18,$1.79,G,5,R
730,Valakut Awakening,17,$7.49,R,3,R
732,Inscription of Ruin,19,$0.25,B,3,R
734,Questing Beast,14,$12.99,G,3,M
736,Rootbound Crag,14,$4.99,V,0,R
737,Lair of the Hydra,17,$3.99,V,0,R
738,Raven's Crime,13,$1.29,B,1,C
739,Vexing Devil,12,$5.99,R,1,R
740,Tectonic Edge,13,$0.49,V,0,U
745,Merchant of the Vale,20,$0.25,R,3,C
746,Ketria Triome,13,$15.99,V,0,R
749,Eliminate,9,$0.25,B,2,U
750,Altar of Dementia,17,$5.99,V,2,R
751,Cathartic Reunion,17,$0.25,R,2,C
752,Vengevine,9,$12.99,G,3,M
753,Lotleth Troll,13,$0.35,BG,2,R
755,Gravecrawler,12,$11.99,B,1,R
756,Blazing Rootwalla,17,$0.25,R,1,U
757,Madcap Experiment,17,$0.35,R,4,R
758,Stitcher's Supplier,19,$5.49,B,1,U
759,Territorial Kavu,16,$0.35,RG,2,R
760,Utopia Sprawl,13,$9.99,G,1,C
761,Goblin Dark-Dwellers,20,$0.29,R,4,R
762,Wild Nacatl,11,$0.25,G,1,C
763,Bojuka Bog,10,$1.29,V,0,C
764,Tribal Flames,13,$0.25,R,2,C
767,"Urborg, Tomb of Yawgmoth",24,$27.99,V,0,M
768,Kitchen Finks,13,$0.59,G,2,U
770,Storm Herald,12,$0.25,R,3,R
771,Street Wraith,13,$2.79,B,4,U
773,Eldrazi Conscription,20,$16.99,V,8,R
774,Woodland Cemetery,17,$7.99,V,0,R
775,Stinkweed Imp,13,$0.99,B,3,C
776,Darkblast,9,$0.39,B,1,U
777,Olivia Voldaren,15,$8.99,RB,4,M
778,Elvish Reclaimer,16,$5.99,G,1,R
779,Obstinate Baloth,16,$0.35,G,3,R
780,"Chandra, Acolyte of Flame",25,$0.99,R,2,R
781,"Tasigur, the Golden Fang",24,$0.35,B,6,R
782,Hooting Mandrills,17,$0.25,G,6,C
783,Liquimetal Coating,18,$0.69,V,2,U
785,Whispers of Emrakul,19,$0.25,B,2,U
787,Westvale Abbey,14,$6.99,V,0,R
788,Dead Weight,11,$0.25,B,1,C
789,Thrill of Possibility,21,$0.25,R,2,C
790,Bloodghast,10,$14.99,B,1,R
792,Carth the Lion,14,$0.35,BG,4,R
794,Life from the Loam,18,$16.99,G,2,R
795,Knight of the Ebon Legion,25,$2.49,B,1,R
796,Damnation,9,$27.99,B,3,S
797,Witherbloom Command,19,$0.69,BG,2,R
798,Goblin Engineer,15,$2.49,R,2,R
801,Ajani Vengeant,14,$2.99,RW,4,M
805,Claim/Fame,10,$0.25,B,1,U
808,Platinum Emperion,17,$18.99,V,8,M
810,Nissa of Shadowed Boughs,24,$2.79,BG,4,M
811,Go for the Throat,17,$3.49,B,2,U
813,Arbor Elf,9,$0.99,G,1,C
814,Birds of Paradise,17,$13.99,G,1,R
815,Boil,4,$1.49,R,4,U
817,Turntimber Symbiosis,20,$3.99,G,5,M
820,Ghor-Clan Rampager,18,$0.25,RG,4,U
821,Necrogen Spellbomb,18,$0.25,V,1,C
822,Drown in the Loch,17,$3.99,UB,2,U
823,Ox of Agonas,12,$6.99,R,4,M
826,"Nissa, Vital Force",18,$8.49,G,4,M
827,"Radha, Heart of Keld",20,$2.29,RG,3,R
828,Boom/Bust,9,$0.59,R,2,R
829,Esika's Chariot,15,$2.79,G,4,R
830,Golgari Rot Farm,16,$0.25,V,0,C
831,Scrapheap Scrounger,19,$0.35,V,2,R
832,Executioner's Capsule,21,$0.25,B,1,C
834,Den of the Bugbear,18,$4.99,V,0,R
835,Ob Nixilis Reignited,20,$0.69,B,4,M
837,Sedgemoor Witch,15,$4.99,B,3,R
838,Thundermaw Hellkite,19,$5.99,R,4,M
839,Witch's Cottage,15,$0.35,V,0,C
840,Kessig Wolf Run,15,$2.99,V,0,M
841,Kher Keep,9,$0.49,V,0,R
842,Vraska the Unseen,17,$0.79,BG,5,M
843,Elder Gargaroth,15,$17.99,G,4,M
844,Shriekmaw,9,$0.25,B,5,U
845,Rotting Regisaur,16,$2.29,B,3,R
846,Experiment One,14,$0.79,G,1,U
847,"Thrun, the Last Troll",21,$3.99,G,3,M
848,Devastating Summons,19,$0.35,R,1,R
849,Death's Shadow,14,$6.99,B,1,R
850,Vindicate,9,$1.99,BW,3,R
852,Desecration Demon,17,$0.69,B,3,R
873,Weather the Storm,17,$0.25,G,2,C
884,Force of Vigor,14,$24.99,G,3,R
891,Stone Rain,10,$0.25,R,3,C
894,Unravel the Aether,18,$0.69,G,2,U
898,Necromentia,11,$0.25,B,2,R
899,Seal of Primordium,18,$0.25,G,2,C
905,Duress,6,$0.25,B,1,C
911,Deglamer,8,$0.69,G,2,C
916,Crime/Punishment,16,$3.99,BG,2,R
918,Obsidian Charmaw,16,$0.35,R,4,R
927,Nature's Claim,14,$0.79,G,1,C
930,Golgari Charm,13,$1.29,BG,2,U
934,Crumble to Dust,15,$0.35,R,4,U
935,Cindervines,11,$1.99,RG,2,R
937,Cast Down,9,$0.49,B,2,U
939,Rain of Gore,12,$8.49,RB,2,R
942,Extirpate,9,$0.69,B,1,R
945,Flunk,5,$0.25,B,2,U
946,Noxious Grasp,13,$0.25,B,2,U
947,Go Blank,8,$0.25,B,3,U
948,Bitterblossom,13,$49.99,B,2,M
950,Boiling Seas,12,$0.59,R,4,U
955,Infinite Obliteration,21,$0.35,B,2,R
956,Culling Ritual,14,$3.99,BG,4,R
957,"Angrath, the Flame-Chained",26,$7.99,RB,5,M
958,"Ashiok, Nightmare Muse",22,$5.99,UB,5,M
960,Slaughter Games,15,$0.35,RB,4,R
961,Verdant Command,15,$0.59,G,2,R
963,Break the Ice,13,$0.25,B,1,U
964,Bontu's Last Reckoning,22,$2.29,B,2,R
968,Pulse of Murasa,15,$0.25,G,3,U
969,Shivan Fire,11,$0.25,R,1,C
970,Chameleon Colossus,18,$0.99,G,3,R
971,Dead of Winter,14,$0.99,B,3,R
972,Lost Legacy,11,$0.25,B,2,R
973,Fracturing Gust,15,$7.99,G,3,M
974,Doom Blade,10,$0.25,B,2,U
975,Vulshok Refugee,15,$0.25,R,2,U
979,Languish,8,$0.79,B,3,R
981,Back to Nature,14,$0.29,G,2,U
983,Flaying Tendrils,16,$0.25,B,2,U
984,Feed the Clan,13,$0.25,G,2,C
986,Infernal Reckoning,18,$0.25,B,1,R
991,Creeping Corrosion,18,$0.79,G,3,R
992,Guise of Fire,13,$0.25,R,1,C
993,Wurmcoil Engine,15,$17.99,V,6,M
994,Firespout,9,$0.69,R,3,M
1000,"Grakmaw, Skyclave Ravager",25,$0.25,BG,3,R
1001,Thragtusk,9,$0.35,G,5,R
1002,Rakdos Charm,12,$0.39,RB,2,U
1003,Ingot Chewer,12,$0.25,R,5,C
1009,Life's Legacy,13,$3.99,G,2,R
1010,Vampiric Link,13,$0.59,B,1,C
1012,Oxidda Scrapmelter,18,$0.25,R,4,U
1013,Ray of Revelation,17,$0.25,W,2,C
1017,Sudden Shock,12,$0.25,R,2,U
1019,Extinction Event,16,$1.29,B,4,R
1020,Collective Defiance,19,$1.49,R,2,R
1021,Damping Matrix,14,$0.35,V,3,R
1022,Shatter Assumptions,19,$0.25,B,2,U
1024,Sever the Bloodline,19,$0.35,B,4,R
1025,Embercleave,11,$7.49,R,5,M
1028,Jund Charm,10,$0.25,RBG,3,U
1030,Riddlemaster Sphinx,19,$0.29,U,5,R
1031,Barrier Breach,14,$0.25,G,3,U
1032,Arasta of the Endless Web,25,$0.79,G,3,R
1033,Yahenni's Expertise,19,$0.35,B,3,R
1035,Vexing Shusher,14,$4.49,R,1,R
1036,Urza's Mine,11,$0.69,V,0,C
1037,Domri Rade,10,$2.99,RG,3,M
1040,Force of Despair,16,$1.79,B,2,R
1042,Ensnaring Bridge,16,$23.99,V,3,R
1043,Walking Ballista,16,$20.99,V,0,R
1047,Return to Nature,16,$0.25,G,2,C
1048,Night of Souls' Betrayal,24,$0.35,B,3,R
1049,Cry of the Carnarium,20,$0.25,B,2,U
1050,Carnage Tyrant,14,$11.99,G,5,M
1051,Grafted Exoskeleton,19,$5.99,V,4,U
1053,Life Goes On,12,$0.25,G,1,C
1055,Spreading Algae,15,$0.25,G,1,U
1075,Deprive,7,$0.79,U,1,C
1093,Mystic Sanctuary,16,$0.79,V,0,C
1099,Pteramander,11,$0.25,U,1,U
1107,Brineborn Cutthroat,19,$0.25,U,2,U
1108,Faerie Conclave,15,$0.49,V,0,U
1116,Ascendant Spirit,16,$0.25,U,1,R
1117,Wizard's Retort,15,$0.29,U,2,U
1122,Ionize,6,$0.99,UR,3,R
1124,"Teferi, Time Raveler",20,$16.99,UW,3,R
1126,Panoptic Mirror,15,$4.49,V,5,R
1135,"Narset, Parter of Veils",23,$1.29,U,2,U
1137,Wandering Fumarole,18,$0.99,V,0,R
1141,Through the Breach,18,$2.99,R,5,R
1148,Ghitu Lavarunner,16,$0.25,R,1,C
1163,Volatile Fjord,14,$1.29,V,0,U
1170,"Gadwick, the Wizened",20,$0.79,U,1,R
1171,Chart a Course,14,$0.35,U,2,U
1182,Isochron Scepter,16,$10.99,V,2,U
1184,Suspend,7,$0.49,U,1,R
1220,Entrancing Melody,17,$0.35,U,1,R
1232,Ancestral Vision,16,$4.49,V,0,R
1234,"Saheeli, Sublime Artificer",26,$0.69,U,2,U
1236,Pia and Kiran Nalaar,20,$0.25,R,3,R
1238,Invasive Surgery,16,$0.25,U,1,U
1239,Roast,5,$0.25,R,2,U
1248,Beacon Bolt,11,$0.25,UR,3,U
1253,Natural State,13,$0.25,G,1,C
1256,Into the Story,14,$0.69,U,6,U
1260,Flame Blitz,11,$0.25,R,1,U
1263,"Keranos, God of Storms",22,$8.49,UR,5,M
1265,Jace's Defeat,13,$0.25,U,2,U
1268,Clout of the Dominus,20,$0.59,U,1,C
1270,Magnetic Theft,14,$4.99,R,1,U
1276,Ratchet Bomb,12,$0.79,V,2,R
1277,Firemind's Research,19,$0.35,UR,2,R
1280,Annul,5,$0.25,U,1,C
1289,Rending Volley,14,$0.25,R,1,U
1290,Mental Misstep,14,$6.49,U,1,U
1293,Flame Sweep,11,$0.25,R,3,U
1294,Fact or Fiction,15,$0.25,U,4,U
1295,Boomerang,9,$0.25,U,1,C
1296,"Jace, Vryn's Prodigy",20,$17.99,U,2,M
1297,Release the Gremlins,20,$0.29,R,1,R
1301,Blazing Volley,14,$0.25,R,1,C
1304,Vandalblast,11,$4.99,R,1,U
1310,Primeval Titan,14,$7.99,G,5,M
1311,Dryad of the Ilysian Grove,26,$17.99,G,3,R
1312,"Azusa, Lost but Seeking",23,$8.99,G,3,R
1313,Sakura-Tribe Scout,18,$4.99,G,1,C
1314,Arboreal Grazer,15,$0.25,G,1,C
1315,Sakura-Tribe Elder,18,$1.29,G,2,C
1316,Summoner's Pact,15,$3.99,V,0,R
1319,Explore,7,$0.25,G,2,C
1320,Ancient Stirrings,17,$0.29,G,1,U
1322,Search for Tomorrow,19,$0.29,G,3,C
1324,Urza's Saga,11,$29.99,V,0,R
1325,Amulet of Vigor,15,$29.99,V,1,R
1328,Simic Growth Chamber,20,$0.25,V,0,C
1329,Castle Garenbrig,16,$5.99,V,0,R
1331,Tolaria West,12,$1.99,V,0,M
1332,Gruul Turf,10,$0.25,V,0,U
1335,"Valakut, the Molten Pinnacle",28,$29.99,V,0,R
1337,Selesnya Sanctuary,18,$0.25,V,0,C
1338,Vesuva,6,$11.99,V,0,M
1339,Radiant Fountain,16,$0.25,V,0,C
1345,Boros Garrison,14,$0.25,V,0,C
1346,Slayers' Stronghold,19,$0.35,V,0,R
1347,"Sunhome, Fortress of the Legion",31,$0.25,V,0,U
1349,Hanweir Battlements,19,$4.49,V,0,R
1350,Crumbling Vestige,17,$0.25,V,0,C
1356,Khalni Garden,13,$0.25,V,0,C
1359,Blast Zone,10,$4.49,V,0,R
1365,Expedition Map,14,$2.29,V,1,U
1373,Fierce Empath,13,$0.25,G,3,C
1374,Adventurous Impulse,19,$0.25,G,1,C
1375,Coalition Relic,15,$1.79,V,3,R
1379,"Golos, Tireless Pilgrim",23,$8.49,V,5,R
1381,Primal Command,14,$1.49,G,4,R
1386,Kabira Crossroads,17,$0.25,V,0,C
1389,Simian Spirit Guide,19,$0.25,R,3,U
1390,Hive Mind,9,$4.49,U,6,R
1391,"Yavimaya, Cradle of Growth",26,$12.99,V,0,R
1392,Trinket Mage,12,$0.25,U,3,C
1394,Grove of the Burnwillows,24,$5.99,V,0,M
1395,Field Trip,10,$0.25,G,3,C
1396,Hydroid Krasis,14,$14.99,UG,2,M
1398,Heartless Summoning,19,$3.99,B,2,R
1400,Skyshroud Ranger,16,$0.59,G,1,C
1402,Manglehorn,10,$0.49,G,3,U
1403,The Gitrog Monster,18,$5.99,BG,5,M
1404,"Zacama, Primal Calamity",23,$39.99,RGW,9,M
1405,Dread Presence,14,$1.79,B,4,R
1406,Escape to the Wilds,19,$0.69,RG,5,R
1407,Prismatic Omen,14,$29.99,G,2,R
1409,Gretchen Titchwillow,20,$0.25,UG,2,U
1411,Lotus Field,11,$5.99,V,0,R
1412,Vesuvan Doppelganger,20,$44.99,U,4,R
1413,Lotus Bloom,11,$1.99,V,0,R
1414,Unmarked Grave,14,$3.99,B,2,R
1415,Commune with the Gods,21,$0.25,G,2,C
1417,Persist,7,$2.49,B,2,R
1420,Oracle of Mul Daya,18,$24.99,G,4,R
1421,Elvish Rejuvenator,18,$0.25,G,3,C
1422,Sylvok Explorer,15,$0.25,G,2,C
1423,"Tatyova, Benthic Druid",22,$2.49,UG,5,U
1425,Kazandu Mammoth,15,$0.25,G,2,R
1426,Mwonvuli Acid-Moss,18,$0.69,G,3,C
1428,Academy Ruins,13,$9.99,V,0,R
1431,Hornet Queen,12,$0.35,G,5,R
1432,Chromatic Sphere,16,$1.49,V,1,U
1433,Craterhoof Behemoth,19,$57.99,G,6,M
1435,Eldritch Evolution,18,$7.99,G,2,R
1437,Slaughter Pact,14,$0.99,V,0,R
1438,Froghemoth,10,$0.99,G,4,R
1440,Farseek,7,$2.79,G,2,C
1442,Cascading Cataracts,19,$5.99,V,0,R
1443,Teetering Peaks,15,$0.25,V,0,C
1444,Allosaurus Rider,16,$0.69,G,6,R
1446,Ramunap Excavator,17,$4.99,G,3,R
1447,Dragonlord Atarka,17,$12.99,RG,7,M
1449,Beanstalk Giant,15,$0.25,G,7,U
1450,Oran-Rief Hydra,15,$0.35,G,5,R
1453,Oath of Nissa,13,$2.29,G,1,R
1455,Wargate,7,$3.99,UGW,3,R
1457,Springbloom Druid,17,$0.25,G,3,C
1461,Gemstone Caverns,16,$34.99,V,0,R
1465,Bone Shards,11,$0.25,B,1,C
1466,Tireless Provisioner,20,$1.99,G,3,U
1467,Yavimaya Coast,14,$0.99,V,0,R
1468,Sunhome Enforcer,16,$0.25,RW,4,U
1469,Temple of Mystery,17,$0.69,V,0,R
1471,Wood Elves,10,$0.69,G,3,C
1472,Bloodhusk Ritualist,19,$0.25,B,3,U
1476,Memorial to Unity,17,$0.25,V,0,U
1477,Dimir Aqueduct,14,$0.25,V,0,U
1478,Beast Within,12,$1.79,G,3,U
1479,Thespian's Stage,16,$1.49,V,0,R
1480,Shared Summons,14,$3.49,G,4,R
1482,Sejiri Steppe,13,$0.25,V,0,C
1483,,0,---,V,0,U
1484,Dragonlord Dromoka,18,$42.99,GW,6,M
1486,The Underworld Cookbook,23,$0.59,V,1,U
1487,Lumbering Falls,15,$0.25,V,0,R
1489,Sylvan Scrying,14,$0.79,G,2,U
1493,Temple of Malady,16,$0.79,V,0,R
1495,Wayward Swordtooth,18,$12.99,G,3,R
1497,Verdurous Gearhulk,18,$1.49,G,4,M
1499,"Skysovereign, Consul Flagship",29,$2.49,V,5,M
1500,Griselbrand,11,$17.99,B,5,M
1501,Hanweir Garrison,16,$2.99,R,3,R
1502,Canopy Vista,12,$2.99,V,0,R
1505,Scattered Groves,16,$4.99,V,0,R
1506,Tangled Florahedron,19,$0.99,G,2,U
1507,Temple of Abandon,17,$1.49,V,0,R
1508,Littjara Mirrorlake,19,$0.25,V,0,U
1509,Mortuary Mire,13,$0.25,V,0,C
1510,Tendo Ice Bridge,16,$2.29,V,0,R
1511,Garruk Wildspeaker,18,$7.99,G,3,M
1513,Gruul Charm,11,$0.25,RG,2,U
1514,Solemn Simulacrum,17,$1.29,V,4,R
1553,"Ruric Thar, the Unbowed",23,$0.69,RG,6,R
1554,Mycosynth Lattice,17,$37.99,V,6,M
1558,Mystic Repeal,13,$0.25,G,1,U
1563,Memoricide,10,$0.35,B,4,R
1565,Crucible of Worlds,18,$44.99,V,3,M
1566,Run Afoul,9,$0.25,G,1,C
1573,Cranial Extraction,18,$0.35,B,4,R
1576,"Emrakul, the Promised End",25,$44.99,V,13,M
1581,Batterskull,11,$12.99,V,5,M
1589,Swan Song,9,$14.99,U,1,R
1591,Guttural Response,17,$0.49,R,1,U
1592,Wastes,6,$0.99,V,0,B
1593,Broken Wings,12,$0.25,G,3,C
1598,Darksteel Citadel,17,$0.35,V,0,U
1606,Wilt,4,$0.29,G,2,C
1608,"Melira, Sylvok Outcast",22,$5.49,G,2,R
1614,Spine of Ish Sah,16,$0.35,V,7,R
1616,"Ulamog, the Infinite Gyre",25,$64.99,V,11,M
1617,Deicide,7,$0.35,W,2,R
1618,Thought Distortion,18,$0.25,B,5,U
1620,Basic Conjuration,17,$0.25,G,2,R
1621,"Linvala, Keeper of Silence",26,$19.99,W,3,M
1622,Containment Breach,18,$0.25,G,3,U
1623,Fleetwheel Cruiser,18,$0.29,V,4,R
1624,Terastodon,10,$0.49,G,7,R
1627,"Sigarda, Host of Herons",23,$13.99,GW,4,M
1629,Oblivion Stone,14,$3.49,V,3,R
1630,Mascot Exhibition,17,$1.99,V,7,M
1634,World Breaker,13,$3.49,G,7,M
1636,Thorn of Amethyst,17,$29.99,V,2,R
1637,"Boseiju, Who Shelters All",25,$34.99,V,0,R
1638,Radiant Flames,14,$0.25,R,3,R
1639,Feldon's Cane,13,$0.25,V,1,U
1640,Pest Summoning,14,$0.25,B,2,C
1642,Trinisphere,11,$22.99,V,3,R
1643,Lodestone Golem,15,$2.29,V,4,R
1646,Mindslaver,10,$6.99,V,6,R
1650,Deep Forest Hermit,18,$2.29,G,4,R
1654,Bonfire of the Damned,21,$2.49,R,1,M
1655,Mindbreak Trap,14,$24.99,U,3,M
1656,Suppression Field,17,$2.99,W,2,U
1657,Sporeweb Weaver,15,$0.25,G,3,R
1659,Masked Vandal,13,$0.35,G,2,C
1660,Krosan Grip,11,$0.39,G,3,U
1666,Hour of Devastation,19,$0.99,R,4,R
1668,Unmoored Ego,12,$0.35,UB,3,R
1671,Dissenter's Deliverance,23,$0.25,G,2,C
1674,Felidar Retreat,15,$2.99,W,4,R
1676,Ramunap Ruins,13,$0.29,V,0,U
1681,Acidic Slime,12,$0.25,G,4,U
1682,Fog,3,$0.25,G,1,C
1686,Woodfall Primus,15,$3.49,G,6,R
1687,Witchbane Orb,13,$0.69,V,4,R
1692,Grave Titan,11,$7.49,B,5,M
1694,Sundering Titan,15,$0.69,V,8,R
1695,Serra's Emissary,16,$3.49,W,5,M
1700,Luminous Broodmoth,18,$10.99,W,3,M
1702,Introduction to Annihilation,28,$0.25,V,5,C
1703,Consulate Crackdown,19,$0.35,W,4,R
1704,You Find a Cursed Idol,22,$0.25,G,2,C
1705,Cataclysmic Gearhulk,20,$0.79,W,4,M
1706,Sentinel Totem,14,$0.25,V,1,U
1707,Endure,6,$0.25,W,4,U
1708,Shifting Ceratops,17,$0.35,G,3,R
1710,"Yasharn, Implacable Earth",25,$0.79,GW,4,R
1711,Inscription of Abundance,24,$0.99,G,2,R
1712,Environmental Sciences,22,$0.25,V,2,C
1714,"Omnath, Locus of Creation",25,$16.99,URGW,4,M
1715,Generous Gift,13,$1.99,W,3,U
1716,Phyrexian Metamorph,19,$5.99,U,4,R
1719,"Ulamog, the Ceaseless Hunger",28,$74.99,V,10,M
1721,Tireless Tribe,14,$0.25,W,1,C
1722,Sphinx of the Final Word,24,$1.99,U,6,M
1730,Decimator Web,13,$0.35,V,4,R
1732,Quagnoth,8,$0.35,G,6,R
1736,Elixir of Immortality,21,$0.69,V,1,U
1737,Surrak Dragonclaw,17,$3.49,URG,5,M
1739,Prized Amalgam,14,$1.49,UB,3,R
1740,Narcomoeba,10,$0.35,U,2,U
1742,Golgari Thug,12,$0.79,B,2,U
1745,Silversmote Ghoul,17,$0.25,B,3,U
1746,Insolent Neonate,16,$0.25,R,1,C
1747,Hedron Crab,11,$10.99,U,1,U
1749,Creeping Chill,14,$0.39,B,4,U
1752,Conflagrate,11,$0.25,R,1,U
1753,Thrilling Discovery,19,$0.25,RW,2,C
1754,Tome Scour,10,$0.25,U,1,C
1755,Smiting Helix,13,$0.25,B,4,U
1756,Burning Inquiry,15,$5.99,R,1,C
1757,Shriekhorn,10,$0.25,V,1,C
1769,Dakmor Salvage,14,$0.99,V,0,U
1780,Lonely Sandbar,14,$0.25,V,0,C
1781,Glimpse the Unthinkable,23,$11.99,UB,2,R
1784,Tormenting Voice,16,$0.25,R,2,C
1791,Dangerous Wager,15,$0.25,R,2,C
1794,Battlefield Forge,17,$1.49,V,0,R
1798,Haunted Dead,12,$0.25,B,4,U
1799,Furycalm Snarl,14,$2.79,V,0,R
1804,Cragcrown Pathway,17,$4.99,V,0,R
1810,Crippling Chill,15,$0.25,U,3,C
1813,"Hogaak, Arisen Necropolis",25,$0.69,B,6,R
1815,Evolving Wilds,14,$0.25,V,0,C
1821,Llanowar Wastes,15,$0.99,V,0,R
1822,Terramorphic Expanse,20,$0.25,V,0,C
1823,Desperate Ravings,17,$0.25,R,2,U
1825,Lightning Axe,13,$0.25,R,1,U
1827,Scourge Devil,13,$0.25,R,5,U
1837,Dryad Arbor,11,$3.99,V,0,M
1838,Hissing Quagmire,16,$1.99,V,0,R
1840,Spikefield Hazard,17,$0.39,R,1,U
1842,Radical Idea,12,$0.25,U,2,C
1844,Sudden Edict,12,$0.25,B,2,U
1868,Failure/Comply,14,$0.35,W,1,R
1870,Stain the Mind,14,$0.25,B,5,R
1880,Vengeful Pharaoh,16,$3.49,B,3,R
1882,Gnaw to the Bone,16,$0.25,G,3,C
1884,Cabal Therapist,15,$0.35,B,1,R
1890,Driven/Despair,14,$0.69,B,2,R
1891,Embereth Shieldbreaker,22,$0.25,R,2,U
1892,Finale of Devastation,21,$54.99,G,1,M
1894,Memory's Journey,16,$0.29,U,2,U
1895,Lightning Strike,16,$0.25,R,2,U
1902,Silent Gravestone,17,$0.35,V,1,R
1905,Hope of Ghirapur,16,$2.49,V,1,R
1910,Eidolon of the Great Revel,26,$13.99,R,1,R
1913,Thassa's Oracle,15,$9.49,U,1,R
1925,Blood Sun,9,$0.69,R,3,R
1932,Boggart Shenanigans,19,$2.29,R,3,U
1934,Scarab Feast,12,$0.25,B,1,C
1936,Defense Grid,12,$22.99,V,2,R
1940,Desecrated Tomb,15,$0.79,V,3,R
1944,Ruin Crab,9,$1.29,U,1,U
1945,Jace's Phantasm,15,$0.49,U,1,U
1946,Manic Scribe,12,$0.35,U,2,U
1949,Archive Trap,12,$44.99,U,4,R
1950,Visions of Beyond,17,$11.99,U,1,R
1954,Crypt Incursion,15,$0.59,B,3,C
1956,Mission Briefing,16,$0.99,U,1,R
1961,Maddening Cacophony,19,$4.49,U,2,R
1962,Fractured Sanity,16,$1.49,U,1,R
1963,Tasha's Hideous Laughter,24,$8.99,U,2,R
1966,Scheming Symmetry,17,$7.99,B,1,R
1967,Fraying Sanity,14,$6.49,U,3,R
1968,Mesmeric Orb,12,$9.49,V,2,R
1975,Darkslick Shores,16,$29.99,V,0,R
1978,"Oboro, Palace in the Clouds",27,$94.99,V,0,R
1980,Shelldock Isle,14,$12.99,V,0,R
1984,"Mikokoro, Center of the Sea",27,$0.99,V,0,R
1993,Trapmaker's Snare,17,$0.25,U,2,U
1995,Breaking/Entering,17,$0.35,RB,6,R
1999,Thieves' Guild Enforcer,23,$1.29,B,1,R
2001,Vantress Gargoyle,17,$0.25,U,2,R
2002,Drowned Catacomb,16,$5.49,V,0,R
2003,Mind Funeral,12,$2.49,UB,3,U
2004,Murderous Cut,13,$0.29,B,5,U
2011,Darkness,8,$23.99,B,1,C
2017,Underground River,17,$11.99,V,0,R
2018,Clearwater Pathway,18,$7.99,V,0,R
2021,Merfolk Secretkeeper,20,$0.25,U,1,C
2023,"Ashiok, Nightmare Weaver",24,$4.99,UB,3,M
2028,Profane Memento,15,$1.99,V,1,U
2031,Moment of Craving,17,$0.25,B,2,C
2037,Dream Twist,11,$0.25,U,1,C
2038,Set Adrift,10,$0.25,U,6,U
2041,Winds of Rebuke,15,$0.25,U,2,C
2042,Sunken Hollow,13,$1.49,V,0,R
2043,Invisible Stalker,17,$0.49,U,2,U
2044,Ipnu Rivulet,12,$0.25,V,0,U
2046,Sanity Grinding,15,$9.49,U,1,R
2047,Soaring Thought-Thief,21,$0.25,UB,2,U
2048,Frantic Inventory,17,$0.25,U,2,C
2049,Baleful Mastery,15,$2.29,B,4,R
2050,Kaya's Guile,12,$6.99,BW,3,R
2051,Devastation Tide,16,$2.29,U,4,R
2054,Sea Gate Restoration,20,$16.99,U,5,M
2058,Temporal Mastery,16,$9.49,U,6,M
2059,Scapeshift,10,$17.99,G,3,M
2065,On Thin Ice,11,$3.49,W,1,R
2066,Harrow,6,$0.59,G,3,C
2067,Oust,4,$0.35,W,1,U
2068,To the Slaughter,16,$0.25,B,3,R
2074,Devour Flesh,12,$0.25,B,2,C
2076,Legion's End,12,$0.35,B,2,R
2077,Specter's Shriek,16,$0.25,B,1,U
2079,Silundi Vision,14,$0.29,U,3,U
2081,Gifts Ungiven,13,$1.49,U,4,R
2083,Repeal,6,$0.25,U,1,C
2088,Wipe Away,9,$0.25,U,2,U
2093,Nephalia Drownyard,18,$1.29,V,0,R
2123,Feed the Swarm,14,$0.99,B,2,C
2141,Lullmage's Domination,21,$0.25,U,1,U
2158,Sphere of Annihilation,22,$0.39,B,1,R
2161,Rebuild,7,$0.25,U,3,U
2183,Chancellor of the Spires,24,$0.79,U,5,R
2187,Price of Betrayal,17,$0.25,B,1,U
2190,Illness in the Ranks,20,$0.25,B,1,U
2191,Bitter Ordeal,13,$16.99,B,3,R
2193,Disenchant,10,$0.25,W,2,C
2194,Weathered Runestone,19,$0.25,V,2,U
2199,Hide/Seek,9,$2.79,BW,2,R
2200,Lazotep Plating,15,$0.69,U,2,U
2201,Spontaneous Mutation,20,$0.25,U,1,C
2203,Into the Roil,13,$0.25,U,2,C
2206,Aetherize,9,$0.69,U,4,U
2211,Circle of Protection: Red,25,$0.25,W,2,C
2212,Witch's Vengeance,17,$0.25,B,2,R
2213,Sun Droplet,11,$0.25,V,2,U
2219,Spectral Shift,14,$0.35,U,2,R
2226,So Tiny,7,$0.25,U,1,C
2227,The Elderspell,14,$0.49,B,1,R
2230,"Lazav, Dimir Mastermind",23,$1.29,UB,2,M
2232,Dictate of Kruphix,18,$2.29,U,2,R
2237,Terminus,8,$1.99,W,5,R
2239,"Jace, Wielder of Mysteries",26,$7.49,U,2,R
2244,Abbot of Keral Keep,19,$0.99,R,2,R
2267,Night's Whisper,15,$5.99,B,2,U
2289,Tidehollow Sculler,18,$0.29,BW,2,U
2297,Bump in the Night,17,$0.25,B,1,C
2308,Scourge of Skola Vale,21,$0.39,G,3,R
2324,Dreadhorde Butcher,18,$0.99,RB,2,R
2326,Skewer the Critics,18,$0.79,R,3,C
2328,Shard Volley,12,$0.99,R,1,C
2334,Shatterskull Smashing,21,$4.99,R,1,M
2388,Heartless Act,13,$1.29,B,2,U
2406,Drill Bit,9,$0.25,B,3,U
2410,Lingering Souls,15,$0.29,W,3,U
2414,Virulent Plague,15,$0.25,B,3,U
2428,Pharika's Libation,18,$0.25,B,3,C
2429,Sword of Fire and Ice,21,$64.99,V,3,R
2436,"Obosh, the Preypiercer",22,$0.59,B,4,R
2450,Supreme Verdict,15,$8.99,UW,3,R
2456,Omen of the Sea,15,$0.25,U,2,C
2459,Detention Sphere,16,$1.49,UW,3,R
2463,"Teferi, Hero of Dominaria",25,$24.99,UW,5,M
2469,Celestial Colonnade,19,$5.49,V,0,R
2474,Glacial Fortress,16,$6.99,V,0,R
2479,Mystic Gate,11,$13.99,V,0,R
2480,Prairie Stream,14,$0.35,V,0,R
2481,Solitude,8,$29.99,W,4,M
2484,Wall of Omens,13,$0.79,W,2,U
2486,Entreat the Angels,18,$1.99,W,1,M
2487,Brainstone,10,$0.25,V,1,U
2489,Dovin's Veto,12,$1.99,UW,2,U
2490,Hieroglyphic Illumination,25,$0.25,U,4,C
2491,Castle Ardenvale,16,$2.79,V,0,R
2495,Condemn,7,$0.25,W,1,U
2499,Geier Reach Sanitarium,22,$0.69,V,0,R
2504,Spell Queller,13,$6.49,UW,3,R
2513,Stoneforge Mystic,17,$64.99,W,2,R
2514,Behold the Multiverse,21,$0.25,U,4,C
2517,Time Warp,9,$15.99,U,4,M
2520,Irrigated Farmland,18,$0.79,V,0,R
2522,Wrath of God,12,$4.49,W,3,R
2523,Shadow of Doubt,15,$3.49,U,1,R
2524,Telling Time,12,$0.25,U,2,C
2528,Blessed Alliance,16,$0.25,W,2,U
2531,"Elspeth, Sun's Nemesis",22,$1.79,W,3,M
2532,"Urza, Lord High Artificer",25,$49.99,U,3,M
2536,Omen of the Sun,15,$0.25,W,3,C
2539,"Teferi, Master of Time",22,$12.99,U,3,M
2540,Cast Out,8,$0.25,W,4,U
2544,God-Eternal Kefnet,18,$5.99,U,3,M
2545,Sphinx's Revelation,19,$3.99,UW,2,M
2546,Settle the Wreckage,19,$4.49,W,3,R
2547,Moderation,10,$0.25,UW,3,R
2548,Secure the Wastes,17,$5.99,W,1,R
2550,Censor,6,$0.25,U,2,U
2554,Mazemind Tome,13,$1.99,V,2,R
2558,Bring to Light,14,$0.99,UG,5,R
2562,Hengegate Pathway,17,$8.99,V,0,R
2563,Condescend,10,$0.25,U,1,C
2566,Thirst for Knowledge,20,$0.25,U,3,U
2569,Starnheim Unleashed,19,$4.49,W,3,M
2575,Confounding Conundrum,21,$0.25,U,2,R
2577,Gideon Jura,11,$0.79,W,4,M
2581,"Elspeth, Sun's Champion",23,$15.99,W,5,M
2583,Kaldra Compleat,15,$9.99,V,7,M
2584,Ojutai's Command,16,$0.39,UW,4,R
2585,,0,---,V,0,"<span class=""rarity"
2588,"Jace, Architect of Thought",26,$0.99,U,3,M
2591,Blossoming Calm,15,$0.25,W,1,U
2594,Perilous Research,17,$0.49,U,2,U
2595,Sword of Feast and Famine,25,$79.99,V,3,S
2598,Part the Waterveil,18,$3.99,U,5,M
2602,Urza's Power Plant,18,$0.99,V,0,U
2605,Urza's Tower,12,$0.99,V,0,U
2606,Temple of Enlightenment,23,$0.49,V,0,R
2607,Doomskar,8,$2.79,W,4,R
2612,Isolate,7,$0.35,W,1,R
2615,Savai Triome,12,$12.99,V,0,R
2616,Hatching Plans,14,$0.35,U,2,R
2618,Timeless Dragon,15,$0.25,W,4,R
2619,Thirst for Meaning,18,$0.25,U,3,C
2621,Elder Deep-Fiend,16,$0.35,V,8,R
2622,Forbidden Alchemy,17,$0.25,U,3,C
2631,Radiant Purge,13,$0.35,W,2,R
2632,Journey to Nowhere,18,$1.49,W,2,C
2633,"Jolrael, Mwonvuli Recluse",25,$0.25,G,2,R
2634,Hall of Heliod's Generosity,27,$6.99,V,0,R
2635,Narset Transcendent,19,$12.99,UW,4,M
2636,Deliberate,10,$0.25,U,2,C
2638,Approach of the Second Sun,26,$1.29,W,7,R
2639,Azorius Charm,13,$0.25,UW,2,U
2640,Exclude,7,$0.25,U,3,C
2643,Exhaustion,10,$0.25,U,3,U
2645,Torrential Gearhulk,19,$9.99,U,5,M
2646,Hinterland Harbor,17,$9.99,V,0,R
2648,Gigadrowse,10,$0.29,U,1,C
2651,Cyclonic Rift,13,$25.99,U,2,R
2652,Aetherling,10,$0.35,U,5,R
2653,"Minamo, School at Water's Edge",30,$21.99,V,0,R
2655,Glimmer of Genius,17,$0.25,U,4,U
2658,Inkmoth Nexus,13,$42.99,V,0,R
2659,Realm-Cloaked Giant,19,$0.79,W,6,M
2663,Urza's Factory,14,$0.25,V,0,U
2664,Niko Aris,9,$0.99,UW,2,M
2666,Elspeth Conquers Death,22,$0.25,W,4,R
2668,"Elspeth, Knight-Errant",22,$12.99,W,3,M
2669,Baneslayer Angel,16,$2.29,W,4,M
2670,"Lutri, the Spellchaser",22,$0.25,U,2,R
2671,Absorb,6,$0.99,UW,2,R
2672,Fortune Thief,13,$0.29,R,5,R
2674,Riptide Laboratory,18,$0.35,V,0,R
2675,"Ugin, the Spirit Dragon",23,$34.99,V,8,M
2676,Azorius Signet,14,$1.29,V,2,C
2677,Talisman of Progress,20,$14.99,V,2,U
2678,Time Wipe,9,$0.59,UW,4,R
2679,Midnight Clock,14,$1.49,U,3,R
2680,Dream Trawler,13,$0.25,UW,4,R
2681,Mana Tithe,10,$0.25,W,1,C
2682,Porphyry Nodes,14,$0.39,W,1,R
2709,Lyra Dawnbringer,16,$15.99,W,4,M
2714,Summary Dismissal,17,$0.39,U,3,R
2732,"Kaheera, the Orphanguard",24,$1.29,G,2,R
2744,Nexus of Fate,13,---,U,6,M
2753,Wheel of Sun and Moon,21,$23.99,G,1,R
2754,Tempted by the Oriq,19,$0.25,U,2,R
2756,Nature's Chant,14,$0.25,G,2,C
2759,Gideon of the Trials,20,$4.99,W,2,M
2762,Commandeer,10,$22.99,U,6,R
2765,Heliod's Intervention,21,$2.79,W,1,R
2776,Ghostly Prison,14,$2.99,W,3,U
2788,Isolated Chapel,15,$6.49,V,0,R
2791,Teferi's Puzzle Box,19,$6.99,V,4,R
2794,Tempest of Light,16,$0.25,W,3,U
2795,Hallowed Moonlight,18,$0.25,W,2,R
2796,Zuran Orb,9,$0.25,V,0,M
2797,Portable Hole,13,$1.49,W,1,U
2799,Hushbringer,11,$1.99,W,2,R
2800,Angelic Purge,13,$0.25,W,3,C
2803,Lightning Helix,15,$0.99,RW,2,U
2810,Hour of Revelation,18,$0.39,W,4,R
2823,Myth Realized,13,$0.39,W,1,R
2824,Nine Lives,10,$0.25,W,2,R
2825,"Heliod, God of the Sun",22,$8.99,W,4,M
2830,Glare of Heresy,15,$0.25,W,2,U
2832,Oketra's Last Mercy,19,$0.35,W,2,R
2834,Revitalize,10,$0.25,W,2,C
2835,Cleansing Nova,14,$0.49,W,4,R
2836,Urza's Ruinous Blast,20,$1.29,W,5,R
2839,Damn,4,$4.99,B,1,R
2843,Tragic Arrogance,16,$0.69,W,4,R
2846,Teferi's Moat,13,$1.29,UW,5,R
2847,Nevermore,9,$1.29,W,2,R
2852,Renounce the Guilds,19,$0.35,W,2,R
2854,Flashfreeze,11,$0.25,U,2,U
2857,Holy Day,8,$0.25,W,1,C
2862,Declaration in Stone,20,$0.79,W,2,R
2863,Glen Elendra Archmage,21,$9.99,U,4,R
2864,Day of Judgment,15,$2.99,W,3,R
2867,Redirect,8,$0.35,U,1,R
2868,Bribery,7,$32.99,U,4,R
2869,Luminarch Ascension,19,$15.99,W,2,R
2878,Violent Outburst,16,$7.49,RG,3,C
2883,Crashing Footfalls,18,$2.49,V,0,R
2886,Ardent Plea,11,$2.99,UW,3,U
2922,Greater Gargadon,16,$0.35,R,10,R
2923,Hordeling Outburst,18,$0.25,R,2,U
2925,Assault/Battery,15,$0.25,G,4,U
2926,Restore Balance,15,$0.99,V,0,R
2928,As Foretold,11,$16.99,U,3,M
2931,Glorybringer,12,$1.79,R,4,R
2953,Deafening Clarion,17,$0.35,RW,3,R
2961,Bound/Determined,16,$0.49,UG,2,R
2962,Hushwing Gryff,14,$0.49,W,3,R
2969,Inevitable Betrayal,19,$0.59,V,0,R
2975,Barrage of Boulders,19,$0.25,R,3,C
2985,Fury Charm,10,$0.25,R,2,C
2988,Striped Riverwinder,19,$0.35,U,7,C
2989,Curator of Mysteries,20,$0.39,U,3,R
2990,Desert Cerodon,14,$0.25,R,6,C
2991,Windcaller Aven,15,$0.25,U,5,C
2994,Architects of Will,18,$0.69,UB,4,C
2995,Grief,5,$20.99,B,3,M
2996,Waker of Waves,14,$0.25,U,6,U
2997,Horror of the Broken Lands,26,$0.25,B,5,C
2998,Monstrous Carabid,17,$0.35,RB,5,C
3002,Archfiend of Ifnir,18,$2.49,B,4,R
3003,Glassdust Hulk,14,$0.25,UW,5,C
3006,Electrodominance,16,$3.49,R,1,R
3009,Living End,10,$8.99,V,0,R
3010,Demonic Dread,13,$0.25,RB,3,C
3036,Sunken Ruins,12,$18.99,V,0,R
3044,Titanoth Rex,12,$0.25,G,8,U
3058,Deadshot Minotaur,17,$0.29,RG,5,C
3059,Imposing Vantasaur,18,$0.25,W,6,C
3068,Twisted Abomination,19,$0.25,B,6,C
3079,Valley Rannet,13,$0.25,RG,6,C
3087,Forbidden Orchard,17,$20.99,V,0,R
3093,"Niv-Mizzet, Parun",17,$3.99,UR,2,R
3095,Goryo's Vengeance,17,$2.99,B,2,R
3096,Kari Zev's Expertise,20,$0.79,R,2,R
3104,Adarkar Wastes,14,$12.99,V,0,R
3105,Hollow One,10,$1.79,V,5,R
3113,Viashino Sandsprinter,21,$0.25,R,2,C
3115,Mausoleum Secrets,17,$1.29,B,2,R
3121,Sulfurous Springs,17,$13.99,V,0,R
3122,"Niv-Mizzet, the Firemind",24,$0.49,UR,4,R
3124,Drift of Phantasms,18,$1.49,U,3,C
3131,River Serpent,13,$0.25,U,6,C
3133,Solve the Equation,18,$2.99,U,3,U
3134,River of Tears,14,$3.99,V,0,R
3147,Ricochet Trap,13,$0.49,R,4,U
3153,Brindle Boar,12,$0.25,G,3,C
3191,Horribly Awry,13,$0.25,U,2,U
3194,Unpredictable Cyclone,21,$0.25,R,4,R
3205,Syncopate,9,$0.25,U,1,C
3212,Wispmare,8,$0.35,W,3,C
3221,Reality Shift,13,$1.79,U,2,U
3225,Drake Haven,11,$0.25,U,3,R
3232,"Zirda, the Dawnwaker",20,$1.99,R,2,R
3235,Countersquall,13,$0.99,UB,2,U
3240,Mystical Teachings,18,$0.25,U,4,C
3242,Nadir Kraken,12,$2.49,U,2,R
3247,"Heliod, Sun-Crowned",19,$22.99,W,3,M
3249,Spike Feeder,12,$1.49,G,2,U
3250,Conclave Mentor,15,$1.99,GW,2,U
3260,Archangel of Thune,18,$22.99,W,4,M
3262,Voice of Resurgence,19,$4.99,GW,2,M
3268,Hardened Scales,15,$9.49,G,1,R
3278,Pendelhaven,11,$5.49,V,0,U
3290,Llanowar Elves,14,$0.35,G,1,C
3295,Wooded Bastion,14,$8.49,V,0,R
3299,Elvish Mystic,13,$0.69,G,1,C
3300,"Anafenza, Kin-Tree Spirit",25,$1.49,W,1,R
3301,Devoted Druid,13,$2.29,G,2,C
3304,Leyline of Abundance,20,$2.79,G,3,R
3307,"Ezuri, Renegade Leader",22,$11.99,G,2,R
3308,Elvish Archdruid,16,$0.99,G,2,R
3309,Umbral Mantle,13,$14.99,V,3,U
3312,Heritage Druid,14,$13.99,G,1,R
3316,Brushland,9,$8.49,V,0,R
3319,Branchloft Pathway,18,$4.99,V,0,R
3320,Duskwatch Recruiter,19,$1.99,G,2,U
3321,Ranger of Eos,13,$4.49,W,4,R
3322,Joraga Treespeaker,18,$4.99,G,1,U
3330,Lovestruck Beast,16,$0.25,G,3,R
3334,"Trelasarra, Moon Dancer",23,$0.25,GW,2,U
3337,Eldrazi Displacer,17,$4.49,W,3,R
3338,Idyllic Grange,14,$0.25,V,0,C
3339,Stirring Wildwood,17,$0.49,V,0,R
3342,Boreal Druid,12,$3.49,G,1,C
3343,Viscera Seer,12,$0.35,B,1,C
3345,Sunpetal Grove,14,$4.99,V,0,R
3352,Strangleroot Geist,18,$0.69,G,1,U
3355,Pride Sovereign,15,$2.49,G,3,R
3356,The Great Henge,15,$44.99,G,8,M
3357,Beastcaller Savant,18,$0.69,G,2,R
3359,Rhonas the Indomitable,22,$13.99,G,3,M
3360,Steel Leaf Champion,19,$2.49,G,1,R
3361,Old-Growth Troll,16,$0.59,G,1,R
3363,Scurry Oak,10,$0.25,G,3,U
3366,Soul's Attendant,16,$4.99,W,1,C
3368,Chord of Calling,16,$6.99,G,1,R
3371,"Brimaz, King of Oreskos",23,$17.99,W,2,M
3372,Maul of the Skyclaves,21,$1.99,W,3,R
3374,King of the Pride,17,$0.39,W,3,U
3377,"Marwyn, the Nurturer",20,$0.69,G,3,R
3378,"Reidane, God of the Worthy",26,$1.79,W,3,R
3380,"Ghalta, Primal Hunger",21,$4.49,G,11,R
3382,"Shalai, Voice of Plenty",23,$5.99,W,4,R
3383,Regal Caracal,13,$0.69,W,4,R
3388,"Vito, Thorn of the Dusk Rose",28,$6.49,B,3,R
3394,Mirror Entity,13,$0.99,W,3,R
3401,Prowling Felidar,16,$0.25,W,4,C
3402,Ranger Class,12,$7.49,G,2,R
3404,Sword of Light and Shadow,25,$24.99,V,3,R
3407,Selfless Savior,15,$0.59,W,1,U
3408,Carrion Feeder,14,$0.69,B,1,C
3409,"Nykthos, Shrine to Nyx",22,$37.99,V,0,R
3411,Karn's Bastion,14,$5.49,V,0,R
3414,Caustic Caterpillar,19,$0.99,G,1,C
3415,Legion Angel,12,$0.99,W,3,R
3441,Fairgrounds Warden,18,$0.25,W,3,U
3457,Dromoka's Command,17,$1.79,GW,2,R
3468,Prowling Serpopard,18,$4.99,G,2,R
3500,Shapers' Sanctuary,18,$1.79,G,1,R
3507,Garruk's Harbinger,18,$0.25,G,2,R
3509,Tocatli Honor Guard,19,$0.25,W,2,R
3516,Vines of Vastwood,17,$1.99,G,1,C
3517,"Nissa, Voice of Zendikar",24,$2.29,G,2,M
3521,Showdown of the Skalds,22,$0.79,RW,4,R
3522,Lead the Stampede,17,$0.25,G,3,U
3523,"Toski, Bearer of Secrets",24,$11.99,G,4,R
3533,Dawnbringer Cleric,18,$0.25,W,2,C
3535,"Titania, Protector of Argoth",28,$2.29,G,4,M
3537,Reveillark,10,$0.99,W,5,R
3540,Stillmoon Cavalier,18,$3.49,W,2,R
3541,Gideon's Intervention,21,$0.35,W,3,R
3542,Hangarback Walker,17,$6.49,V,0,R
3543,Whisperwood Elemental,21,$0.99,G,4,M
3544,"Sigrid, God-Favored",19,$0.25,W,2,R
3550,Mausoleum Wanderer,18,$4.49,U,1,R
3552,Supreme Phantom,15,$2.79,U,2,R
3553,Drogskol Captain,16,$0.69,UW,3,U
3554,Rattlechains,12,$0.69,U,2,R
3559,Shacklegeist,12,$0.25,U,2,R
3560,Spectral Sailor,15,$0.29,U,1,U
3571,Curious Obsession,17,$1.29,U,1,U
3602,Tallowisp,9,$0.69,W,2,U
3604,Faerie Seer,11,$0.39,U,1,C
3608,Empyrean Eagle,14,$0.35,UW,3,U
3612,Squadron Hawk,13,$0.25,W,2,C
3614,Lofty Denial,12,$0.25,U,2,C
3615,Steel of the Godhead,20,$3.99,W,3,C
3617,Nebelgast Herald,16,$0.25,U,3,U
3619,Ninja of the Deep Hours,23,$1.29,U,4,C
3620,Faerie Miscreant,16,$0.25,U,1,C
3636,Rune Snag,9,$0.25,U,2,C
3637,Shining Shoal,13,$0.69,W,1,R
3645,Siren Stormtamer,16,$0.59,U,1,U
3647,Snapback,8,$0.25,U,2,C
3650,Polluted Mire,13,$0.25,V,0,C
3652,Crystallization,15,$0.25,GW,2,C
3653,Watcher of the Spheres,22,$0.35,UW,2,U
3658,Essence Flux,12,$1.29,U,1,U
3661,Reprobation,11,$0.25,W,2,C
3664,Faceless Haven,14,$7.49,V,0,R
3668,Hanged Executioner,18,$0.39,W,3,R
3676,Shefet Dunes,12,$0.25,V,0,U
3686,Flooded Grove,13,$8.49,V,0,R
3687,Creeping Tar Pit,16,$4.49,V,0,R
3690,Serra the Benevolent,20,$12.99,W,3,M
3692,Nimbus Maze,11,$0.99,V,0,R
3739,Cerulean Drake,14,$0.25,U,2,U
3755,"Kaya, Orzhov Usurper",20,$8.99,BW,3,M
3770,Mystic Reflection,17,$2.29,U,2,R
3774,Polymorphist's Jest,19,$2.29,U,2,R
3782,Spirit Link,11,$0.39,W,1,U
3785,Shattering Blow,15,$0.25,R,2,C
3793,Favorable Winds,15,$0.25,U,2,U
3801,Wing Shards,11,$0.25,W,2,U
3802,Whirlwind Denial,16,$0.25,U,3,U
3810,Bygone Bishop,13,$0.29,W,3,R
3812,Azorius Herald,14,$0.25,W,3,U
3816,"Ephara, God of the Polis",24,$5.99,UW,4,M
3822,Mist-Syndicate Naga,19,$0.99,U,3,R
3825,Narset's Reversal,17,$7.99,U,1,R
3827,Manriki-Gusari,14,$1.49,V,2,U
3830,Mark of Eviction,16,$0.25,U,1,U
3834,Sword of Sinew and Steel,24,$14.99,V,3,M
3840,Mark of Asylum,14,$1.29,W,2,R
3843,"Nissa, Steward of Elements",26,$1.29,UG,2,M
3844,Pentarch Ward,13,$0.25,W,3,C
3846,Pariah,6,$1.99,W,3,R
3849,Gideon Blackblade,17,$2.99,W,2,M
3850,Erase,5,$0.25,W,1,C
3852,"Kunoros, Hound of Athreos",25,$0.69,BW,3,R
3853,Risen Reef,10,$2.29,UG,3,U
3854,Flamekin Harbinger,18,$12.99,R,1,U
3855,Thunderkin Awakener,19,$2.29,R,2,R
3862,Vesperlark,10,$0.25,W,3,U
3864,Smokebraider,12,$0.25,R,2,C
3865,"Omnath, Locus of the Roil",25,$10.99,URG,4,M
3867,Flickerwisp,11,$0.25,W,2,U
3869,Spitebellows,12,$0.25,R,6,U
3870,Mulldrifter,11,$0.25,U,5,C
3872,Incandescent Soulstoke,22,$0.99,R,3,R
3884,Primal Beyond,13,$18.99,V,0,R
3910,Horde of Notions,16,$0.39,URBGW,5,R
3916,Creeping Trailblazer,20,$0.25,RG,2,U
3917,Indatha Triome,14,$10.99,V,0,R
3919,Healer of the Glade,19,$0.25,G,1,C
3920,Hellspark Elemental,19,$0.25,R,2,U
3929,Brighthearth Banneret,21,$0.49,R,2,C
3933,Abundant Growth,15,$0.59,G,1,C
3938,Pyre of Heroes,14,$0.99,V,2,R
3943,Ice-Fang Coatl,14,$4.49,UG,2,R
3946,Parcelbeast,11,$0.35,UG,4,U
3952,Spark Elemental,15,$0.35,R,1,C
3953,Groundbreaker,13,$2.29,G,1,R
3957,Overgrowth Elemental,20,$0.25,G,3,U
3961,Chancellor of the Tangle,24,$1.29,G,5,R
3965,Goblin Bombardment,18,$1.99,R,2,U
3966,Scampering Scorcher,19,$0.25,R,4,U
3967,Woodland Wanderer,17,$0.25,G,4,R
3970,"Omnath, Locus of Rage",21,$2.49,RG,5,M
3971,Lightning Elemental,19,$0.25,R,4,C
3972,Glarewielder,12,$0.25,R,5,U
3973,Body Double,11,$0.79,U,5,R
3974,"Vadrok, Apex of Thunder",23,$1.29,URW,3,M
3976,Master of Waves,15,$3.99,U,4,M
3977,Spark Trooper,13,$0.25,RW,3,R
3979,Leafkin Druid,13,$0.25,G,2,C
3980,Cloudkin Seer,13,$0.25,U,3,C
3986,"Yarok, the Desecrated",21,$15.99,UBG,5,M
3987,Greenwarden of Murasa,21,$1.29,G,5,M
3989,Malakir Rebirth,15,$2.99,B,1,U
3991,"Ashaya, Soul of the Wild",24,$9.99,G,4,M
3993,"Muldrotha, the Gravetide",24,$7.49,UBG,6,M
3995,Tunnel Ignus,12,$0.35,R,2,R
3998,Undergrowth Champion,20,$2.99,G,2,M
3999,Living Twister,14,$0.25,RG,2,R
4003,Fusion Elemental,16,$0.25,URBGW,5,U
4004,"Morophon, the Boundless",23,$25.99,V,7,M
4005,Crib Swap,9,$0.25,W,3,U
4006,Moritte of the Frost,20,$0.25,UG,4,U
4007,Rage Forger,11,$0.35,R,3,U
4063,Mindsparker,11,$0.35,R,2,R
4078,Leyline of Vitality,19,$5.49,G,3,R
4083,Offalsnout,10,$0.25,B,3,U
4086,Jaddi Lifestrider,17,$0.25,G,5,U
4090,Eyes of the Wisent,18,$0.69,G,2,R
4103,Heroic Intervention,19,$10.99,G,2,R
4105,Dust Elemental,14,$0.99,W,3,R
4109,Seasons Past,12,$4.49,G,5,M
4116,Nameless Inversion,18,$0.25,B,2,C
4121,Gurmag Angler,13,$0.25,B,7,C
4187,Bloodbraid Marauder,19,$0.25,R,2,R
4199,"Lazav, the Multifarious",23,$1.99,UB,2,M
4203,Ponder,6,$2.79,U,1,C
4205,Gitaxian Probe,14,$2.49,U,1,C
4206,Quicken,7,$0.39,U,1,R
4212,Treasure Cruise,15,$0.29,U,8,C
4214,Fists of Flame,14,$0.25,R,2,C
4223,Grisly Salvage,14,$0.25,BG,2,C
4227,Rise/Fall,9,$0.25,UB,2,U
4233,Omen of the Dead,16,$0.25,B,1,C
4236,Cremate,7,$0.25,B,1,C
4239,"Egon, God of Death",18,$0.39,B,3,R
4241,"Sygg, River Cutthroat",21,$2.99,U,1,R
4243,Deathrite Shaman,16,$7.99,B,1,R
4359,Turn to Frog,12,$0.25,U,2,U
4363,Call of the Death-Dweller,25,$0.79,B,3,U
4383,Cinderclasm,11,$0.25,R,2,U
4388,Saw It Coming,13,$0.69,U,2,U
4389,King Narfi's Betrayal,21,$0.25,UB,3,R
4395,"Kess, Dissident Mage",20,$2.99,URB,4,M
4407,Growth Spiral,13,$0.39,UG,2,C
4452,Niv-Mizzet Reborn,17,$3.49,URBGW,5,M
4458,Pillar of the Paruns,20,$19.99,V,0,R
4467,Treasure Hunt,13,$0.25,U,2,C
4482,Felidar Guardian,16,$0.99,W,4,U
4484,"Kiki-Jiki, Mirror Breaker",25,$9.99,R,3,R
4489,Deceiver Exarch,15,$0.25,U,3,U
4493,Glittering Wish,15,$0.35,GW,2,R
4496,Sylvan Caryatid,15,$5.49,G,2,R
4498,Saheeli Rai,11,$4.99,UR,3,M
4500,Pestermite,10,$0.39,U,3,C
4508,Eureka Moment,13,$0.25,UG,4,C
4518,"Nahiri, the Harbinger",21,$2.99,RW,4,M
4527,Cinder Glade,12,$0.99,V,0,R
4529,"Kasmina, Enigma Sage",20,$2.29,UG,3,M
4535,Urban Evolution,15,$0.25,UG,5,U
4543,Bounding Krasis,15,$0.25,UG,3,U
4603,Hallowed Burial,15,$0.99,W,4,R
4615,Platinum Angel,14,$10.99,V,7,M
4652,Shadows' Verdict,16,$0.25,B,4,R
4661,Thought Erasure,15,$0.25,UB,2,U
4662,"Nicol Bolas, Dragon-God",23,$12.99,URB,3,M
4666,Whisper Agent,13,$0.25,U,2,C
4668,Fracture,8,$0.99,BW,2,U
4727,Akoum Hellhound,15,$0.25,R,1,C
4728,Nivmagus Elemental,18,$0.35,U,1,R
4733,Flame Rift,10,$0.25,R,2,C
4738,Cryptbreaker,12,$7.49,B,1,R
4746,Dread Wanderer,14,$2.29,B,1,R
4750,Fling,5,$0.25,R,2,C
4759,Hex Parasite,12,$3.99,V,1,R
4792,Crippling Fear,14,$0.99,B,3,R
4803,Agonizing Remorse,17,$0.25,B,2,U
4830,Self-Inflicted Wound,20,$0.25,B,2,U
4843,Phyrexian Unlife,16,$6.99,W,3,R
4845,Postmortem Lunge,16,$0.39,B,1,U
4847,Arcbound Ravager,16,$23.99,V,2,R
4849,Arcbound Worker,15,$0.25,V,1,C
4850,Metallic Mimic,14,$11.99,V,2,R
4851,Scrapyard Recombiner,20,$0.35,V,3,R
4852,"Zabaz, the Glimmerwasp",22,$0.35,V,1,R
4853,Steel Overseer,14,$1.79,V,2,R
4854,Ingenious Smith,15,$0.39,W,2,U
4858,The Ozolith,11,$19.99,V,1,R
4859,Animation Module,16,$0.99,V,1,R
4860,Welding Jar,11,$1.29,V,0,C
4861,Throne of Geth,14,$0.25,V,2,U
4862,Mox Opal,8,$59.99,V,0,S
4863,Springleaf Drum,15,$2.29,V,1,U
4867,Llanowar Reborn,15,$0.25,V,0,U
4870,Phyrexia's Core,15,$0.25,V,0,U
4871,Blinkmoth Nexus,15,$3.49,V,0,R
4881,Power Depot,11,$0.25,V,0,U
4892,Arcbound Mouser,15,$0.25,W,1,C
4893,Snakeskin Veil,14,$0.25,G,1,C
4903,Darkbore Pathway,16,$10.99,V,0,R
4906,Spire of Industry,17,$3.99,V,0,R
4908,Kazuul's Fury,13,$0.59,R,3,U
4915,Stonecoil Serpent,17,$2.99,V,0,R
4918,Power Conduit,13,$2.29,V,2,U
4920,Evolutionary Leap,17,$0.79,G,2,R
4921,Karplusan Forest,16,$5.99,V,0,R
4924,Memnite,7,$7.49,V,0,U
4926,Inventors' Fair,15,$10.99,V,0,R
4927,Winding Constrictor,19,$0.79,BG,2,U
4931,Ornithopter,11,$0.35,V,0,U
4933,Sparring Construct,18,$0.25,V,1,C
4935,Swarm Shambler,14,$0.29,G,1,R
4941,Witch's Oven,12,$1.29,V,1,U
4943,Gemrazer,8,$1.29,G,4,R
4948,Crystalline Giant,17,$1.29,V,3,R
4949,Galvanic Blast,14,$0.29,R,1,C
4952,Arcbound Javelineer,19,$0.25,W,1,U
4953,"Emry, Lurker of the Loch",24,$4.49,U,3,R
4959,Basilisk Collar,15,$2.49,V,1,R
4960,Barkchannel Pathway,19,$7.99,V,0,R
4965,Mox Amber,9,$37.99,V,0,M
4968,Fiend Artisan,13,$9.49,B,1,M
4970,"Kinnan, Bonder Prodigy",22,$6.49,UG,2,M
4971,Splendid Reclamation,20,$5.49,G,4,R
4979,Windbrisk Heights,17,$0.35,V,0,R
4981,Molten Vortex,13,$0.35,R,1,R
4985,Blossoming Defense,18,$0.79,G,1,U
4986,Vault of the Archangel,22,$7.99,V,0,R
4992,Oswald Fiddlebender,19,$2.29,W,2,R
4993,Tomb of the Spirit Dragon,25,$0.39,V,0,U
4994,Hall of the Bandit Lord,23,$32.99,V,0,R
4997,Buried Ruin,11,$0.59,V,0,U
4999,Ruins of Oran-Rief,18,$0.35,V,0,R
5013,"Karn, Scion of Urza",19,$10.99,V,4,M
5041,Whipflare,9,$0.25,R,2,U
5066,Paraselene,10,$0.25,W,3,U
5067,Mystic Forge,12,$7.99,V,4,R
5068,Blacksmith's Skill,18,$0.25,W,1,C
5076,Mirrorweave,11,$0.39,W,3,R
5087,Ram Through,11,$0.29,G,2,C
5093,Warping Wail,12,$1.29,V,1,U
5101,Blessed Respite,15,$0.29,G,2,U
5105,Blade of the Bloodchief,23,$3.99,V,1,R
5107,Thud,4,$0.25,R,1,U
5111,"Baral, Chief of Compliance",26,$6.49,U,2,R
5112,Goblin Electromancer,20,$0.25,UR,2,C
5114,Desperate Ritual,16,$1.29,R,2,C
5115,Pyretic Ritual,14,$3.99,R,2,C
5121,Peer Through Depths,19,$0.25,U,2,C
5125,Past in Flames,14,$1.99,R,4,M
5126,Grapeshot,9,$0.25,R,2,C
5127,Empty the Warrens,17,$0.25,R,4,C
5128,Pieces of the Puzzle,20,$0.25,U,3,C
5129,Merchant Scroll,15,$6.99,U,2,U
5130,Wish,4,$1.79,R,3,R
5147,"Birgi, God of Storytelling",26,$8.99,R,3,R
5162,"Rowan, Scholar of Sparks",24,$5.99,UR,4,M
5163,Serum Powder,12,$0.49,V,3,R
5167,Kavu Predator,13,$0.25,G,2,U
5170,Grapeshot Catapult,18,$0.25,V,4,C
5172,Increasing Vengeance,20,$0.69,R,1,R
5177,Dual Strike,11,$0.29,R,1,U
5180,Overrule,8,$0.25,UW,2,C
5183,Fae of Wishes,13,$0.25,U,2,R
5204,Ignite Memories,15,$0.59,R,5,U
5210,Galvanic Relay,14,$0.25,R,3,C
5244,Volcanic Awakening,18,$0.25,R,5,U
5260,Goblin Bushwhacker,18,$1.49,R,1,C
5261,Void Snare,10,$0.25,U,1,C
5263,Consign to Dream,16,$0.25,U,3,C
5264,Perilous Voyage,15,$0.25,U,2,U
5265,Resounding Wave,15,$0.25,U,3,C
5266,Precognition Field,18,$0.59,U,4,R
5269,"Ral, Storm Conduit",18,$2.49,UR,4,R
5270,Mine Collapse,13,$0.25,R,4,C
5277,Esper Charm,11,$1.29,UBW,3,U
5358,Fallen Shinobi,14,$3.49,UB,5,R
5361,Shambling Vent,14,$1.99,V,0,R
5364,Archon of Cruelty,17,$8.99,B,7,M
5371,Day's Undoing,13,$5.99,U,3,M
5382,Oath of Kaya,12,$0.35,BW,3,R
5387,Disfigure,9,$0.25,B,1,C
5394,Commence the Endgame,20,$0.25,U,5,R
5398,Thalia's Lancers,16,$0.59,W,4,R
5399,Fetid Pools,11,$5.99,V,0,R
5414,"Zareth San, the Trickster",25,$0.25,UB,5,R
5417,Unburial Rites,14,$0.25,B,5,U
5422,Trial of Ambition,17,$0.25,B,2,U
5423,Oath of Gideon,14,$0.29,W,3,R
5424,Oath of Teferi,14,$0.79,UW,5,R
5433,Pull from Tomorrow,18,$4.99,U,1,R
5437,Oath of Liliana,15,$0.35,B,3,R
5490,Notion Thief,12,$3.49,UB,4,R
5512,"Chromium, the Mutable",21,$1.99,UBW,7,M
5534,Fleet Swallower,15,$1.29,U,6,R
5548,It That Betrays,15,$21.99,V,12,R
5552,Resolute Archangel,18,$1.49,W,6,R
5574,Escape Protocol,15,$0.25,U,2,U
5575,Echo of Eons,12,$10.99,U,5,M
5580,"Linvala, the Preserver",22,$1.29,W,5,M
5583,The Scarab God,14,$19.99,UB,5,M
5595,Inferno Titan,13,$0.79,R,5,M
5611,"Lukka, Coppercoat Outcast",25,$2.49,R,4,M
5624,Stormbreath Dragon,18,$3.49,R,4,M
5635,"Domri, Anarch of Bolas",22,$1.99,RG,3,R
5641,Planebound Accomplice,21,$0.35,R,3,R
5645,Hyrax Tower Scout,17,$0.25,G,3,C
5657,Burning-Tree Shaman,19,$0.49,RG,3,R
5658,Crack the Earth,15,$0.25,R,1,C
5660,"Kiora, Behemoth Beckoner",24,$0.69,G,3,U
5661,Chromatic Star,14,$0.25,V,1,U
5668,Gorilla Shaman,14,$0.25,R,1,C
5672,Gruul Spellbreaker,18,$0.49,RG,3,R
5684,Fire-Lit Thicket,16,$6.49,V,0,R
5687,Goblin Ruinblaster,18,$0.29,R,3,U
5688,Ichor Wellspring,16,$0.25,V,2,C
5697,Rekindling Phoenix,18,$1.99,R,3,M
5711,Kalonian Hydra,14,$19.99,G,4,M
5712,Game Trail,10,$1.29,V,0,R
5718,Wildfield Borderpost,20,$0.25,GW,3,C
5719,Weathered Wayfarer,18,$11.99,W,1,R
5725,Fieldmist Borderpost,20,$0.25,UW,3,C
5733,Rhythm of the Wild,18,$5.49,RG,3,U
5738,Soul Tithe,10,$0.25,W,2,U
5739,Alpine Guide,12,$0.25,R,3,U
5742,Sweltering Suns,15,$1.29,R,2,R
5743,Knight of the White Orchid,26,$0.99,W,1,R
5748,Magus of the Tabernacle,23,$1.79,W,4,R
5750,Waking the Trolls,17,$0.25,RG,6,R
5753,"Chandra, Heart of Fire",22,$0.79,R,4,M
5755,Rubble Reading,14,$0.25,R,4,C
5757,Deathgorge Scavenger,20,$0.99,G,3,R
5762,Karn Liberated,14,$34.99,V,7,M
5768,"Chandra, Pyromaster",19,$0.79,R,3,M
5776,Godsend,7,$17.99,W,2,M
5779,"Elesh Norn, Grand Cenobite",26,$9.99,W,6,M
5782,Banefire,8,$1.29,R,1,R
5783,"Neheb, the Eternal",18,$23.99,R,4,M
5784,Castle Embereth,15,$0.59,V,0,R
5787,Skarrgan Hellkite,17,$1.29,R,4,M
5789,"Sarkhan, Fireblood",18,$12.99,R,2,M
5792,Fiery Justice,13,$0.25,RGW,3,R
5793,"Sarkhan, the Dragonspeaker",26,$0.99,R,4,M
5851,Plummet,7,$0.25,G,2,C
5856,Aethersphere Harvester,22,$0.69,V,3,R
5871,Slagstorm,9,$0.99,R,2,R
5872,Orbs of Warding,15,$1.29,V,5,R
5878,Chandra's Defeat,16,$0.25,R,1,U
5894,Redcap Melee,12,$0.25,R,1,U
5903,The Akroan War,14,$0.25,R,4,R
5909,Mizzium Mortars,15,$0.49,R,2,R
5925,Mastery of the Unseen,21,$0.25,W,2,R
5937,Caldera Hellion,15,$0.35,R,4,R
5938,Silent Arbiter,14,$3.49,V,4,R
5943,Summoning Trap,14,$0.29,G,5,R
5947,Heart of Kiran,14,$0.79,V,2,M
5953,"Chandra, Fire Artisan",21,$0.99,R,3,R
5955,Garruk Relentless,17,$6.99,G,4,M
5972,Young Wolf,10,$1.29,G,1,C
5973,Wall of Roots,13,$0.29,G,2,C
5974,Geralf's Messenger,18,$19.99,B,1,R
5978,"Hapatra, Vizier of Poisons",26,$1.49,BG,2,R
5980,Blood Artist,12,$6.99,B,2,U
5981,Cavalier of Night,17,$4.49,B,3,M
5983,Essence Warden,14,$5.99,G,1,C
5985,Elves of Deep Shadow,20,$1.49,G,1,C
6007,Prosperous Innkeeper,20,$0.79,G,2,U
6013,Ivy Lane Denizen,16,$0.25,G,4,C
6021,Ravenous Chupacabra,19,$0.99,B,3,U
6022,In Search of Greatness,22,$0.99,G,1,R
6031,Village Rites,13,$0.25,B,1,C
6044,"Savra, Queen of the Golgari",27,$7.99,BG,4,R
6045,Obelisk Spider,14,$0.25,BG,3,U
6046,Nest Invader,12,$0.25,G,2,C
6050,Falkenrath Aristocrat,21,$0.49,RB,4,M
6054,Destiny Spinner,15,$2.49,G,2,U
6078,Thrashing Brontodon,19,$0.25,G,2,U
6112,Phyrexian Obliterator,21,$24.99,B,1,M
6115,Wickerbough Elder,17,$0.25,G,4,C
6122,Gaze of Granite,15,$0.25,BG,2,R
6134,Necroplasm,10,$0.49,B,2,R
6140,"Braids, Cabal Minion",20,$0.25,B,3,R
6141,Siege Rhino,11,$0.79,BGW,4,R
6144,"Fynn, the Fangbearer",20,$0.59,G,2,U
6146,"Pharika, God of Affliction",26,$3.49,BG,3,M
6148,Kraul Harpooner,15,$0.25,G,2,U
6149,Intrepid Hero,13,$0.79,W,3,R
6151,Dosan the Falling Leaf,22,$12.99,G,2,R
6152,Crypt Rats,10,$0.25,B,3,U
6155,Puresteel Paladin,17,$10.99,W,1,R
6164,Steelshaper's Gift,18,$37.99,W,1,U
6165,Sigarda's Aid,13,$8.99,W,1,R
6167,Colossus Hammer,15,$1.49,V,1,U
6171,Paradise Mantle,15,$10.99,V,0,U
6172,Cranial Plating,15,$0.69,V,2,U
6173,Swiftfoot Boots,15,$1.29,V,2,U
6176,Accorder's Shield,17,$0.25,V,0,U
6192,Gingerbrute,11,$0.25,V,1,C
6196,Kor Outfitter,13,$0.25,W,1,C
6197,"Sram, Senior Edificer",21,$0.79,W,2,R
6201,Cathar's Shield,15,$0.25,V,0,C
6202,Retract,7,$7.99,U,1,R
6204,Spidersilk Net,14,$0.25,V,0,C
6207,Sigil of Distinction,20,$1.29,V,0,R
6214,Puresight Merrow,16,$0.35,W,1,U
6221,Bone Saw,8,$0.25,V,0,C
6223,Kor Duelist,11,$0.25,W,1,U
6230,Surestrike Trident,18,$0.99,V,2,U
6234,Flayer Husk,11,$0.25,V,1,C
6237,Nettlecyst,10,$1.99,V,3,R
6240,Signal Pest,11,$0.99,V,1,U
6244,Mortarpod,9,$0.25,V,2,U
6245,Paradise Druid,14,$0.25,G,2,U
6247,Gladecover Scout,16,$0.25,G,1,C
6250,Glint Hawk,10,$0.25,W,1,C
6251,Sacred Cat,10,$0.25,W,1,C
6255,Ancestral Blade,15,$0.25,W,2,U
6264,Swiftblade Vindicator,21,$0.59,RW,2,R
6265,Needleverge Pathway,19,$5.99,V,0,R
6266,Artificer's Assistant,21,$0.25,U,1,C
6267,Wishclaw Talisman,17,$2.29,B,2,R
6268,Clifftop Retreat,16,$8.99,V,0,R
6269,Reckless Crew,13,$0.25,R,4,R
6270,Conjurer's Bauble,17,$0.69,V,1,C
6275,Gods Willing,12,$0.25,W,1,C
6276,Faith's Shield,14,$0.25,W,1,U
6279,Leonin Shikari,14,$6.49,W,2,R
6280,Lightning Greaves,17,$6.99,V,2,U
6281,Sejiri Shelter,14,$0.59,W,2,U
6282,Mask of Memory,14,$0.59,V,2,U
6283,Nim Deathmantle,15,$13.99,V,2,R
6285,Armament Master,15,$0.29,W,1,R
6286,Skyclave Cleric,15,$0.25,W,2,U
6328,Silence,7,$3.99,W,1,R
6348,Ghirapur Aether Grid,20,$0.99,R,3,U
6357,Paradoxical Outcome,19,$0.69,U,4,R
6365,Dispatch,8,$1.79,W,1,U
6371,Rebuff the Wicked,17,$0.59,W,1,U
6373,Patrician's Scorn,17,$0.25,W,4,C
6379,Mythos of Snapdax,17,$0.39,W,3,R
6383,Restoration Specialist,22,$0.25,W,2,U
6385,Empty-Shrine Kannushi,21,$0.25,W,1,U
6386,Sword of War and Peace,22,$16.99,V,3,S
6400,Sword of Truth and Justice,26,$22.99,V,3,M
6401,Argentum Armor,14,$1.29,V,6,R
6402,Glorious End,12,$0.99,R,3,M
6409,Viridian Longbow,16,$0.29,V,1,C
6412,Glistener Elf,13,$1.49,G,1,C
6414,Blighted Agent,14,$1.29,U,2,C
6416,Plague Stinger,14,$0.69,B,2,C
6417,Phyrexian Crusader,18,$16.99,B,2,R
6420,Ichorclaw Myr,13,$1.29,V,2,C
6421,Might of Old Krosa,18,$0.25,G,1,U
6425,Groundswell,11,$0.69,G,1,C
6432,Scale Up,8,$0.35,G,1,U
6433,Distortion Strike,17,$0.69,U,1,U
6436,Rancor,6,$0.99,G,1,C
6458,Viridian Corrupter,18,$0.79,G,2,U
6464,Wild Shape,10,$0.25,G,1,U
6465,Slip Through Space,18,$0.25,U,1,C
6470,Wild Defiance,13,$0.59,G,3,R
6477,Blight Mamba,12,$0.79,G,2,C
6487,Slaughterhorn,13,$0.25,G,3,C
6493,Season of Growth,16,$0.79,G,2,U
6497,Pongify,7,$1.79,U,1,U
6498,Primal Might,12,$0.25,G,1,R
6499,Rapid Hybridization,19,$2.99,U,1,U
6502,Necropede,9,$0.99,V,2,U
6504,Carrion Call,12,$0.29,G,4,U
6510,Rot Wolf,8,$0.25,G,3,C
6515,Larger Than Life,16,$0.25,G,2,C
6516,Simic Charm,11,$0.35,UG,2,U
6520,Artful Dodge,12,$0.35,U,1,C
6526,Twisted Image,13,$0.25,U,1,U
6530,Sword of Dungeons & Dragons,27,$4.49,V,3,M
6534,Cathedral of War,16,$1.99,V,0,R
6535,Ranger's Guile,14,$0.25,G,1,C
6536,Piracy Charm,12,$0.25,U,1,C
6604,Silhana Ledgewalker,19,$0.35,G,2,C
6607,Slippery Bogle,14,$0.79,G,1,C
6619,Wrap in Vigor,13,$1.49,G,2,C
6625,Tainted Strike,14,$1.49,B,1,C
6629,Corpse Cur,10,$0.25,V,4,C
6632,Troll Ascetic,13,$0.35,G,2,R
6635,Tezzeret's Gambit,17,$0.25,U,4,U
6638,Contentious Plan,16,$0.25,U,2,C
6642,Gnarlwood Dryad,15,$0.35,G,1,U
6652,Authority of the Consuls,24,$11.99,W,1,R
6667,Annihilating Fire,17,$0.25,R,2,C
6673,Emerge Unscathed,16,$0.35,W,1,C
6675,Teferi's Time Twist,19,$0.25,U,2,C
6677,Light of Hope,13,$0.25,W,1,C
6684,Nature's Cloak,14,$2.49,G,3,R
6685,Great Sable Stag,16,$0.39,G,2,R
6689,Reclaim,7,$0.25,G,1,C
6691,Stonewood Invocation,20,$1.29,G,4,R
6696,Phyrexian Arena,15,$18.99,B,2,R
6710,Undying Evil,12,$0.99,B,1,C
6750,"Sorin, Solemn Visitor",21,$4.49,BW,4,M
6753,Fetid Heath,11,$9.49,V,0,R
6756,Caves of Koilos,15,$0.99,V,0,R
6758,Callous Bloodmage,17,$0.59,B,3,R
6762,Goldmire Bridge,15,$0.25,V,0,C
6763,Wasteland Strangler,19,$0.25,B,3,R
6771,Martyr of Sands,15,$0.25,W,1,C
6772,Orzhov Charm,12,$0.25,BW,2,U
6778,Legion's Landing,16,$4.49,W,1,R
6788,Intangible Virtue,17,$0.25,W,2,U
6795,Speaker of the Heavens,22,$2.99,W,1,R
6797,"Emeria, the Sky Ruin",20,$14.99,V,0,R
6804,Dusk Legion Zealot,18,$0.25,B,2,C
6812,Spectral Procession,19,$0.39,V,2,U
6813,Thought-Knot Seer,17,$7.49,V,3,R
6818,Eldrazi Temple,14,$8.99,V,0,U
6820,"Sorin, Lord of Innistrad",24,$7.49,BW,4,M
6824,Snowfield Sinkhole,18,$1.29,V,0,U
6826,Banishing Light,15,$0.25,W,3,U
6829,Etched Champion,15,$6.99,V,3,R
6835,Reality Smasher,15,$4.99,V,4,R
6847,Cloudshift,10,$0.25,W,1,C
6848,Ifnir Deadlands,15,$0.25,V,0,U
6852,Serra Ascendant,15,$27.99,W,1,R
6856,Ashen Rider,11,$1.79,BW,6,M
6858,Council's Judgment,18,$3.99,W,2,R
6867,"Elbrus, the Binding Blade",25,$6.49,V,7,M
6871,Kami of False Hope,18,$0.79,W,1,C
6872,Hero's Downfall,15,$3.49,B,2,R
6876,"Mavinda, Students' Advocate",27,$1.49,W,3,M
6884,Sword of Hearth and Home,24,$16.99,V,3,M
6885,Kaya the Inexorable,19,$6.49,BW,5,M
6932,Despark,7,$0.39,BW,2,U
6934,Revoke Existence,16,$0.25,W,2,C
6953,Solemnity,9,$2.99,W,3,R
6958,Rain of Tears,13,$0.25,B,2,U
6985,Lone Missionary,15,$0.25,W,2,C
6989,Sundering Growth,16,$0.25,G,1,C
6995,Zealous Persecution,19,$0.25,BW,2,U
6996,Death Cloud,11,$12.99,B,1,R
7015,Dreadhorde Invasion,19,$0.99,B,2,R
7016,Sword of Body and Mind,22,$19.99,V,3,M
7030,Gifted Aetherborn,17,$1.29,B,1,U
7093,Safewright Quest,16,$0.35,G,1,C
7098,"Tolsimir, Friend to Wolves",26,$0.25,GW,4,R
7119,"Sisay, Weatherlight Captain",27,$0.35,W,3,R
7131,Wall of Blossoms,16,$0.25,G,2,U
7135,Expansion/Explosion,19,$2.99,U,1,R
7146,Faeburrow Elder,15,$2.79,GW,3,R
7154,Binding the Old Gods,20,$0.69,BG,4,U
7158,Coiling Oracle,14,$0.25,UG,2,C
7180,The World Tree,14,$5.49,V,0,R
7181,Pentad Prism,12,$0.25,V,2,C
7190,Lotus Cobra,11,$4.99,G,2,R
7200,Karn's Temporal Sundering,25,$3.49,U,5,R
7203,"Nicol Bolas, the Ravager",24,$42.99,URB,4,M
7210,Solar Blaze,11,$0.25,RW,4,R
7211,"Garruk, Cursed Huntsman",23,$4.99,BG,6,M
7216,Bringer of the Black Dawn,25,$2.49,B,8,R
7220,Loxodon Smiter,14,$0.25,GW,3,R
7225,"Polukranos, Unchained",21,$2.49,BG,4,M
7231,"Esika, God of the Tree",22,$9.99,URBGW,6,M
7233,Setessan Champion,17,$2.49,G,3,R
7234,"Mila, Crafty Companion",22,$3.49,RW,3,M
7238,Tyrant's Scorn,14,$0.25,UB,2,U
7246,Reborn Hope,11,$0.25,GW,2,U
7247,Castigate,9,$0.25,BW,2,C
7252,Rhox War Monk,13,$0.25,UGW,3,U
7255,"Jori En, Ruin Diver",19,$0.59,UR,3,R
7256,Narset of the Ancient Way,25,$1.99,URW,4,M
7261,"Atris, Oracle of Half-Truths",28,$0.25,UB,4,R
7264,Dragonlord Silumgar,19,$20.99,UB,6,M
7266,Rimewood Falls,14,$1.29,V,0,U
7267,Highland Forest,15,$1.29,V,0,U
7268,"Rashmi, Eternities Crafter",26,$0.79,UG,4,M
7273,"Nissa, Who Shakes the World",27,$6.49,G,4,R
7362,Loxodon Hierarch,16,$0.49,GW,4,R
7366,Qasali Ambusher,15,$0.79,GW,3,U
7376,Spellbreaker Behemoth,21,$0.35,RG,3,R
7377,"Tamiyo, Collector of Tales",26,$0.99,UG,4,R
7378,Geomancer's Gambit,18,$0.25,R,3,C
7379,Hero of Precinct One,20,$0.35,W,2,R
7390,Catch/Release,13,$0.25,RW,6,R
7399,Yawgmoth's Vile Offering,24,$0.35,B,5,R
7405,Chromatic Lantern,17,$12.99,V,3,R
7409,Magus of the Moat,17,$4.99,W,3,R
7411,"Glissa, the Traitor",19,$3.49,BG,2,M
7416,Blood Baron of Vizkopa,22,$0.49,BW,5,M
7441,"Koma, Cosmos Serpent",20,$16.99,UG,5,M
7442,Goblin Matron,13,$0.69,R,3,U
7443,Munitions Expert,16,$0.25,RB,2,U
7444,Goblin Ringleader,17,$0.49,R,4,U
7445,Conspicuous Snoop,17,$3.49,R,1,R
7446,Mogg War Marshal,16,$0.25,R,2,C
7447,Boggart Harbinger,17,$2.29,B,3,U
7448,Skirk Prospector,16,$0.25,R,1,C
7449,Sling-Gang Lieutenant,21,$0.59,B,4,U
7451,Goblin Warchief,15,$0.69,R,2,U
7452,Goblin Chieftain,16,$4.49,R,2,R
7453,Pashalik Mons,13,$1.79,R,3,R
7455,Putrid Goblin,13,$0.25,B,2,C
7456,Goblin Piledriver,17,$2.99,R,2,R
7457,"Grumgully, the Generous",23,$0.25,RG,3,U
7458,"Krenko, Mob Boss",16,$6.99,R,3,R
7459,Murderous Redcap,16,$0.49,B,3,U
7462,Frogtosser Banneret,19,$0.29,B,2,C
7467,Auntie's Hovel,14,$22.99,V,0,R
7485,Warren Instigator,17,$11.99,R,1,M
7491,Blightstep Pathway,18,$8.49,V,0,R
7492,Goblin Trashmaster,18,$3.99,R,3,R
7495,Mogg Fanatic,12,$0.25,R,1,U
7497,Legion Loyalist,15,$6.99,R,1,R
7500,Goblin Instigator,17,$0.49,R,2,C
7501,Goblin Grenade,14,$0.69,R,1,U
7503,Goblin Chainwhirler,19,$1.79,R,1,R
7504,Legion Warboss,14,$2.99,R,3,R
7507,Knucklebone Witch,17,$1.49,B,1,R
7510,Stingscourger,13,$0.25,R,2,C
7511,Siege-Gang Commander,20,$0.69,R,4,R
7518,Patriarch's Bidding,19,$1.29,B,4,R
7522,Foundry Street Denizen,22,$0.25,R,1,C
7523,Warren Weirding,15,$0.25,B,2,C
7533,Dragon's Herald,15,$0.25,R,1,U
7536,Goblin Wardriver,16,$0.25,R,1,U
7537,Makeshift Munitions,19,$0.25,R,2,U
7539,Battle Cry Goblin,17,$0.35,R,2,U
7540,Wily Goblin,11,$0.49,R,1,U
7542,Earwig Squad,12,$1.99,B,4,R
7543,Goblin Cohort,13,$0.25,R,1,C
7544,Tattermunge Maniac,18,$0.29,R,1,U
7546,Goblin Arsonist,15,$0.25,R,1,C
7548,Goblin King,11,$4.99,R,2,R
7549,Hobgoblin Bandit Lord,21,$2.99,R,2,R
7552,"Krenko, Tin Street Kingpin",26,$2.79,R,3,R
7554,Lightning Crafter,17,$5.99,R,4,R
7555,Dark-Dweller Oracle,19,$0.35,R,2,R
7556,"Muxus, Goblin Grandee",21,$12.99,R,5,R
7559,Phyrexian Tower,15,$18.99,V,0,R
7563,Goblin Smuggler,15,$0.25,R,3,C
7568,Hellkite Overlord,17,$6.49,RBG,7,R
7574,Zo-Zu the Punisher,18,$4.99,R,2,R
7575,Tin Street Hooligan,19,$0.25,R,2,C
7576,Mad Auntie,10,$0.79,B,3,R
7579,Boartusk Liege,14,$8.99,R,2,R
7584,Dragon Fodder,13,$0.25,R,2,C
7585,Brash Taunter,13,$3.99,R,5,R
7609,Icon of Ancestry,16,$4.49,V,3,R
7664,Fecundity,9,$0.59,G,3,U
7665,"Wort, Boggart Auntie",20,$7.99,RB,4,R
7684,Pillar of Flame,15,$0.25,R,1,C
7686,Webweaver Changeling,20,$0.25,G,4,U
7687,Herald's Horn,13,$8.99,V,3,U
7688,"Anax, Hardened in the Forge",27,$0.25,R,2,U
7689,Shredded Sails,14,$0.25,R,2,C
7700,Koth of the Hammer,18,$8.99,R,3,M
7704,Impact Tremors,14,$4.49,R,2,C
7709,Erebos's Intervention,21,$0.79,B,1,R
7715,"Squee, the Immortal",19,$0.79,R,2,R
7722,Bloodmark Mentor,16,$2.79,R,2,U
7732,Tuktuk Scrapper,15,$0.25,R,4,U
7800,Impervious Greatwurm,20,---,G,8,M
7802,Slagwoods Bridge,16,$0.25,V,0,C
7805,Cragganwick Cremator,20,$0.35,R,3,R
7812,Ahn-Crop Crasher,16,$0.25,R,3,U
7813,Captain Lannery Storm,21,$4.49,R,3,R
7827,Phoenix of Ash,14,$0.25,R,2,R
7828,Deus of Calamity,16,$1.29,R,1,R
7845,Flametongue Yearling,20,$0.25,R,1,U
7848,Zealous Conscripts,18,$1.99,R,5,R
7849,Vivien Reid,11,$11.99,G,4,M
7915,Force of Rage,13,$0.35,R,2,R
7947,Soul Sear,9,$0.25,R,3,U
7956,Crush the Weak,14,$0.25,R,3,U
7963,Arbor Colossus,14,$0.35,G,3,R
7969,God-Pharaoh's Statue,20,$0.59,V,6,U
7971,Everlasting Torment,19,$1.99,B,3,R
7975,Crater's Claws,14,$0.35,R,1,R
7979,Vizier of Remedies,18,$0.25,W,2,U
8053,Neoform,7,$0.59,UG,2,U
8054,Dwynen's Elite,14,$0.25,G,2,U
8067,Freed from the Real,19,$4.49,U,3,U
8075,Nettle Sentinel,15,$0.35,G,1,C
8099,Llanowar Tribe,14,$0.29,G,1,U
8102,Elvish Visionary,16,$0.25,G,2,C
8103,Fauna Shaman,12,$13.99,G,2,R
8110,Prophetic Ravings,17,$0.25,R,1,C
8111,Recross the Paths,17,$0.79,G,3,U
8116,Dubious Challenge,17,$0.35,G,4,R
8119,Goblin Charbelcher,18,$0.59,V,4,R
8120,Shimmer of Possibility,22,$0.25,U,2,C
8123,Quirion Ranger,14,$0.39,G,1,C
8130,Elvish Warmaster,16,$3.99,G,2,R
8139,Heliod's Pilgrim,16,$0.25,W,3,C
8145,Beast Whisperer,15,$3.49,G,3,R
8160,Wild Cantor,11,$0.25,R,1,C
8180,Elvish Clancaller,17,$2.79,G,1,R
8181,Thopter Foundry,15,$0.25,UW,2,U
8183,Winding Way,11,$0.25,G,2,C
8184,Worldspine Wurm,15,$10.99,G,9,M
8185,Shaman of the Pack,18,$0.25,BG,3,U
8186,Necrotic Ooze,13,$5.99,B,3,R
8187,Irencrag Feat,13,$0.39,R,2,R
8189,Bala Ged Recovery,17,$4.49,G,3,U
8191,Borborygmos Enraged,19,$1.29,RG,6,M
8204,Morselhoarder,13,$0.25,R,5,C
8206,"Nylea, Keen-Eyed",16,$3.99,G,4,M
8210,Knight-Captain of Eos,21,$2.99,W,5,R
8218,Jarad's Orders,14,$1.29,BG,4,R
8221,Reforge the Soul,16,$13.99,R,4,R
8226,Genesis Hydra,13,$0.59,G,1,R
8228,Gilt-Leaf Palace,16,$12.99,V,0,R
8232,Circle of Dreams Druid,22,$12.99,G,1,R
8238,"Rishkar, Peema Renegade",23,$0.99,G,3,R
8244,Mass Hysteria,13,$9.49,R,1,R
8249,Vivien's Arkbow,15,$0.35,G,2,R
8250,Copperhorn Scout,16,$0.25,G,1,C
8262,Incubation/Incongruity,22,$0.25,UG,3,U
8266,"Vivien, Arkbow Ranger",21,$4.49,G,2,M
8268,Wistful Selkie,14,$0.25,G,1,U
8273,Den Protector,13,$0.35,G,2,R
8274,Sword of the Meek,17,$2.29,V,2,U
8276,"Kenrith, the Returned King",26,---,W,5,M
8278,Sylvan Anthem,13,$1.29,G,1,R
8279,Cloudstone Curio,16,$64.99,V,3,S
8280,Elvish Champion,15,$22.99,G,2,R
8298,"Oona, Queen of the Fae",22,$1.99,U,4,M
8382,Angel's Grace,13,$2.49,W,1,R
8418,Mystic Enforcer,15,$0.25,GW,4,R
8419,Omen Machine,12,$0.99,V,6,R
8424,Devout Lightcaster,18,$0.25,W,1,R
8426,Aetherflux Reservoir,20,$16.99,V,4,R
8442,Pilfering Imp,13,$0.25,B,1,U
8468,Ground Seal,11,$0.25,G,2,R
8469,Vryn Wingmare,13,$0.25,W,3,R
8476,"Iona, Shield of Emeria",22,$9.99,W,7,M
8487,Goblin Cannon,13,$0.25,V,4,U
8498,Sylvan Messenger,16,$0.25,G,4,U
8501,"Ajani, Adversary of Tyrants",27,$5.49,W,3,M
8502,"Ajani, Mentor of Heroes",23,$14.99,GW,5,M
8505,Consume the Meek,16,$0.35,B,4,R
8513,"Aeve, Progenitor Ooze",21,$0.25,G,3,R
8519,Biogenic Ooze,13,$4.99,G,4,M
8527,Spore Frog,10,$0.25,G,1,C
8532,Archangel Avacyn,16,$8.99,W,4,M
8539,Headhunter,10,$0.25,B,2,U
8545,Big Game Hunter,15,$0.25,B,2,U
8551,Steel Wall,10,$0.25,V,1,C
8555,Dusk/Dawn,9,$0.99,W,4,R
8562,Nullhide Ferox,14,$0.79,G,3,M
8563,"Umori, the Collector",20,$0.25,B,3,R
8572,Velomachus Lorehold,19,$5.49,RW,7,M
8583,Indomitable Creativity,22,$7.99,R,1,M
8586,Hard Evidence,13,$0.25,U,1,C
8587,Savor the Moment,16,$27.99,U,2,R
8594,Dwarven Mine,12,$0.25,V,0,C
8610,Transmogrify,12,$0.25,R,4,R
8614,Fires of Invention,18,$0.35,R,4,R
8649,Knowledge Pool,14,$0.79,V,6,R
8712,Archetype of Endurance,22,$1.99,G,7,U
8725,Master of the Pearl Trident,27,$4.99,U,1,R
8726,Lord of Atlantis,16,$12.99,U,1,R
8727,Silvergill Adept,16,$0.25,U,2,U
8728,Merfolk Trickster,17,$1.49,U,1,U
8729,Merrow Reejerey,15,$6.99,U,3,U
8730,Kumena's Speaker,16,$0.25,G,1,U
8731,Merfolk Mistbinder,18,$0.39,UG,2,U
8732,Benthic Biomancer,17,$0.69,U,1,R
8733,Harbinger of the Tides,22,$0.49,U,1,R
8735,Tide Shaper,11,$0.25,U,1,U
8736,Svyelun of Sea and Sky,22,$3.99,U,2,M
8737,Cursecatcher,12,$0.99,U,1,U
8756,Wanderwine Hub,14,$4.49,V,0,R
8768,Tidebinder Mage,15,$0.35,U,1,R
8777,Coralhelm Commander,19,$4.99,U,1,R
8778,"Thassa, God of the Sea",22,$17.99,U,3,M
8783,Sea's Claim,11,$0.25,U,1,C
8793,Cosi's Trickster,16,$0.59,U,1,R
8794,Bind the Monster,16,$0.25,U,1,C
8804,Sentinel of the Pearl Trident,29,$0.25,U,5,U
8807,Ongoing Investigation,21,$0.25,U,2,U
8812,Psionic Blast,13,$6.99,U,3,U
8814,Rishadan Dockhand,17,$0.35,U,1,R
8815,Mistcaller,10,$0.35,U,1,R
8820,Merfolk Sovereign,17,$0.49,U,2,R
8821,"Mu Yanling, Sky Dancer",22,$2.99,U,2,M
8825,"Sygg, River Guide",17,$1.49,UW,2,R
8829,"Kopala, Warden of Waves",23,$0.79,U,2,R
8831,Swift Warden,12,$0.25,G,2,U
8836,Cackling Counterpart,20,$0.35,U,2,R
8840,Aquitect's Will,15,$0.25,U,1,C
8911,Thieving Skydiver,17,$1.99,U,2,R
8916,Deeproot Waters,15,$0.35,U,3,U
8919,Hypnotic Sprite,15,$0.25,U,1,U
8927,Covetous Urge,13,$0.25,U,1,U
8937,Essence Scatter,15,$0.25,U,2,C
8942,Squelch,7,$0.25,U,2,U
8946,Heroic Reinforcements,21,$0.25,RW,4,U
8954,Frost Breath,12,$0.25,U,3,C
8963,Steel Sabotage,14,$0.25,U,1,C
8965,Trickbind,9,$7.99,U,2,R
8970,Naturalize,10,$0.25,G,2,C
8977,Disallow,8,$5.99,U,2,R
9028,"Shizo, Death's Storehouse",25,$39.99,V,0,R
9035,Pack Rat,8,$3.99,B,2,R
9037,"Shinka, the Bloodsoaked Keep",28,$34.99,V,0,R
9061,Bedevil,7,$2.29,RB,2,R
9141,Despise,7,$0.25,B,1,U
9172,Joraga Warcaller,16,$7.99,G,1,R
9195,Growth-Chamber Guardian,23,$0.35,G,2,R
9198,Bramblewood Paragon,19,$2.49,G,2,U
9199,Imperious Perfect,17,$0.35,G,3,U
9207,Sylvan Ranger,13,$0.25,G,2,C
9209,Wildborn Preserver,18,$0.25,G,2,R
9215,Tyvar Kell,10,$6.99,G,3,M
9223,Tajuru Paragon,14,$0.25,G,2,R
9229,Skemfar Avenger,15,$0.49,B,2,R
9239,"Oran-Rief, the Vastwood",23,$0.49,V,0,R
9242,Master Biomancer,16,$0.99,UG,4,M
9243,Commune with Nature,19,$0.25,G,1,C
9244,Gilt-Leaf Archdruid,19,$9.99,G,4,R
9245,Llanowar Visionary,18,$0.25,G,3,C
9251,Incubation Druid,16,$1.29,G,2,R
9261,Jaspera Sentinel,16,$0.25,G,1,C
9270,Scryb Ranger,12,$0.25,G,2,U
9273,"Okina, Temple to the Grandfathers",33,$7.49,V,0,R
9281,Throne of the God-Pharaoh,25,$5.99,V,2,R
9346,Tajuru Preserver,16,$3.49,G,2,R
9350,Setessan Petitioner,19,$0.25,G,2,U
9351,Leyline of Lifeforce,20,$2.99,G,3,R
9362,Staff of Domination,19,$4.49,V,3,R
9363,Gaea's Herald,13,$2.29,G,2,R
9366,Lifecrafter's Bestiary,22,$2.49,V,3,R
9369,Viridian Zealot,15,$0.35,G,1,R
9373,Rhys the Exiled,15,$2.29,G,3,R
9377,Joiner Adept,12,$2.99,G,2,R
9378,Skemfar Shadowsage,18,$0.25,B,4,U
9387,"Vivien, Monsters' Advocate",26,$7.99,G,4,M
9392,Regal Force,11,$2.79,G,5,R
9393,"Vraska, Relic Seeker",20,$4.49,BG,6,M
9403,Chandra's Incinerator,21,$0.79,R,6,R
9442,Wayward Guide-Beast,19,$0.25,R,1,R
9446,Thunderous Wrath,16,$0.25,R,5,U
9457,Seeker of the Way,17,$0.25,W,2,C
9459,Searing Blood,13,$0.99,R,1,U
9468,Exquisite Firecraft,19,$0.59,R,2,R
9469,Flames of the Blood Hand,24,$0.49,R,3,U
9476,Searing Spear,13,$0.25,R,2,C
9478,Igneous Inspiration,19,$0.25,R,3,U
9482,Risk Factor,11,$2.79,R,3,R
9484,Goblin Mountaineer,18,$0.25,R,1,C
9487,Clever Lumimancer,17,$0.25,W,1,U
9493,Thermo-Alchemist,16,$0.25,R,2,C
9507,"Tibalt, Rakish Instigator",25,$0.29,R,3,U
9563,Satyr Firedancer,16,$0.49,R,2,R
9566,Firebrand Archer,16,$0.25,R,2,C
9568,Rimrock Knight,14,$0.25,R,2,C
9578,Chained to the Rocks,20,$0.49,W,1,R
9580,Stigma Lasher,13,$3.99,R,1,R
9583,Volcanic Fallout,16,$0.25,R,2,U
9595,Scorching Dragonfire,20,$0.25,R,2,C
9598,Electrickery,12,$0.25,R,1,C
9610,Oblivion Ring,13,$0.29,W,3,C
9611,Command Tower,13,$0.25,V,0,C
9615,Goblin Bangchuckers,19,$0.25,R,3,U
9630,Ashes of the Abhorrent,22,$0.79,W,2,R
9641,Spirit Summoning,16,$0.25,R,2,C
9642,Start from Scratch,18,$0.25,R,3,U
9646,Leave No Trace,14,$0.29,W,2,C
9659,Lightning Mare,14,$0.25,R,1,U
9664,Kor Spiritdancer,16,$2.99,W,2,R
9669,Ethereal Armor,14,$0.99,W,1,C
9670,Daybreak Coronet,16,$5.99,W,1,R
9672,Spider Umbra,12,$0.25,G,1,C
9673,Hyena Umbra,11,$0.35,W,1,C
9674,Gryff's Boon,12,$0.25,W,1,U
9675,Spirit Mantle,13,$0.69,W,2,U
9678,All That Glitters,17,$1.79,W,2,U
9679,Cartouche of Solidarity,23,$0.25,W,1,C
9680,Sentinel's Eyes,15,$0.25,W,1,C
9681,Unflinching Courage,19,$0.25,GW,3,U
9698,Keen Sense,10,$0.25,G,1,U
9699,Sixth Sense,11,$0.25,G,1,U
9702,Fortified Village,17,$1.49,V,0,R
9704,"Sythis, Harvest's Hand",22,$1.99,GW,2,R
9706,Savage Swipe,12,$0.25,G,1,C
9710,Lagonna-Band Trailblazer,24,$0.25,W,1,C
9711,Setessan Training,17,$0.25,G,2,C
9713,Karametra's Favor,17,$0.25,G,2,U
9714,Satyr Enchanter,15,$0.99,GW,3,U
9721,Knight's Pledge,15,$0.25,W,2,C
9723,Barkhide Troll,14,$0.25,G,1,U
9726,Staggering Insight,18,$0.29,UW,2,U
9730,Baffling End,12,$0.25,W,2,U
9734,Helm of the Gods,16,$0.59,V,1,R
9735,Open the Armory,15,$0.69,W,2,U
9736,Sentinel's Mark,15,$0.25,W,2,U
9737,Ghostblade Eidolon,18,$0.25,W,3,U
9745,Lifelink,8,$0.25,W,1,C
9746,Sky Tether,10,$0.25,W,1,U
9780,Sundering Vitae,15,$0.25,G,3,C
9796,Aura Gnarlid,12,$0.25,G,3,C
9800,"Teyo, the Shieldmage",20,$0.29,W,3,U
9813,Resurgent Belief,16,$0.35,V,0,R
9833,Rogue's Gloves,14,$0.25,V,2,U
9838,Shatter the Sky,15,$0.25,W,3,R
9901,Serra Avenger,13,$0.35,W,1,R
9925,Mishra's Factory,16,$0.25,V,0,R
9966,Rugged Prairie,14,$6.99,V,0,R
9986,Judge's Familiar,16,$0.49,W,1,U
9994,"Isamaru, Hound of Konda",23,$1.79,W,1,R
9999,Scavenger Grounds,17,$0.49,V,0,R
10011,Ovalchase Daredevil,19,$0.79,B,4,U
10013,Asmoranomardicadaistinaculdacar,31,$1.49,V,0,R
10033,Matter Reshaper,15,$3.49,V,2,R
10038,Toolcraft Exemplar,18,$0.25,W,1,R
10052,"Alrund, God of the Cosmos",25,$1.79,U,4,M
10057,"Akroma, Angel of Fury",21,$1.29,R,6,R
10061,Venerated Loxodon,17,$0.35,W,5,R
10063,Geist-Honored Monk,18,$0.35,W,4,R
10066,Mangara of Corondor,19,$0.35,W,2,R
10071,Mistveil Plains,15,$0.99,V,0,U
10074,Kor Skyfisher,13,$0.25,W,2,C
10077,Angrath's Marauders,19,$1.79,R,6,R
10087,"Tomik, Distinguished Advokist",29,$0.35,W,1,R
10090,Eight-and-a-Half-Tails,22,$2.49,W,1,R
10091,Venerable Warsinger,19,$0.35,RW,3,R
10092,Glass Casket,12,$0.25,W,2,U
10096,"Daxos, Blessed by the Sun",25,$0.59,W,1,U
10099,"Mikaeus, the Lunarch",20,$3.49,W,1,M
10105,Pia Nalaar,10,$0.35,R,3,R
10112,Temple of Triumph,17,$0.79,V,0,R
10118,Unbreakable Formation,21,$0.99,W,3,R
10120,Stonecloaker,12,$0.25,W,3,U
10122,Dryad Militant,14,$0.25,G,1,U
10127,Selfless Glyphweaver,20,$0.25,BW,4,R
10140,Faerie Guidemother,18,$0.25,W,1,C
10142,Honor of the Pure,17,$1.49,W,2,R
10148,Endless Sands,13,$0.35,V,0,R
10151,Figure of Destiny,17,$1.79,R,1,R
10157,Loyal Sentry,12,$0.25,W,1,R
10295,"Gisela, the Broken Blade",24,$27.99,W,3,M
10297,Sunlance,8,$0.25,W,1,C
10344,Manic Vandal,12,$0.25,R,3,C
10345,Valorous Stance,15,$0.25,W,2,U
10372,Hunted Phantasm,15,$2.29,U,2,R
10376,The Wanderer,12,$0.49,W,4,U
10384,Aven Riftwatcher,16,$0.25,W,3,C
10398,Dispeller's Capsule,19,$0.25,W,1,C
10425,All Is Dust,11,$11.99,V,7,R
10434,"Ugin, the Ineffable",19,$5.49,V,6,R
10440,Sanctum of Ugin,15,$1.29,V,0,R
10454,"Kozilek, the Great Distortion",29,$17.99,V,8,M
10461,Wandering Archaic,17,$9.49,V,5,R
10462,Conduit of Ruin,15,$1.99,V,6,R
10464,Aetherworks Marvel,18,$1.99,V,4,M
10465,Glassblower's Puzzleknot,24,$0.25,V,2,C
10466,Woodweaver's Puzzleknot,23,$0.25,V,2,C
10483,Sylvan Library,14,$44.99,G,2,R
10485,Endbringer,10,$1.79,V,5,R
10486,Seek the Wilds,14,$0.25,G,2,C
10488,Talisman of Resilience,22,$0.39,V,2,U
10489,Chromatic Orrery,16,$18.99,V,7,M
10499,Eldrazi Mimic,13,$0.69,V,2,R
10502,Mox Tantalite,13,$6.99,V,0,M
10507,Filigree Sages,14,$0.25,U,4,U
10509,Vizier of Tumbling Sands,24,$0.29,U,3,U
10511,Oblivion Sower,14,$4.49,V,6,M
10513,Mystifying Maze,15,$0.99,V,0,R
10519,Doubling Season,15,$79.99,G,5,M
10524,Sea Gate Wreckage,17,$0.49,V,0,R
10527,Perilous Vault,14,$3.49,V,4,M
10529,Labyrinth of Skophos,20,$0.79,V,0,R
10532,Bonders' Enclave,16,$2.49,V,0,R
10534,Talisman of Impulse,19,$2.29,V,2,U
10535,"Samut, the Tested",17,$1.99,RG,4,M
10537,Crawling Barrens,16,$0.59,V,0,R
10538,Possessed Portal,16,$4.49,V,8,R
10540,Drownyard Temple,16,$0.25,V,0,R
10543,Omniscience,11,$22.99,U,8,M
10544,Mind Stone,10,$0.49,V,2,U
10546,Broken Bond,11,$0.29,G,2,C
10550,"Jace, Cunning Castaway",22,$2.49,U,2,M
10553,"Miren, the Moaning Well",23,$20.99,V,0,R
10554,Painter's Servant,17,$64.99,V,2,S
10555,Duplicant,9,$0.35,V,6,R
10557,Prophet of the Peak,19,$0.25,V,6,C
10605,Bottle Gnomes,13,$0.25,V,3,U
10612,Amulet of Safekeeping,21,$0.25,V,2,R
10626,Mistcutter Hydra,16,$1.99,G,1,R
10634,Lignify,7,$1.29,G,2,C
10647,Ugin's Nexus,12,$1.29,V,5,M
10648,Forsaken Monument,17,$8.99,V,5,M
10659,Lithoform Engine,16,$13.99,V,4,M
10665,Filigree Familiar,17,$0.25,V,3,U
10671,Jester's Cap,12,$4.49,V,4,R
10676,Nevinyrral's Disk,17,$0.35,V,4,R
10677,Autumn's Veil,13,$0.79,G,1,U
10679,Trading Post,12,$0.35,V,4,R
10680,Savage Summoning,16,$0.69,G,1,R
10685,Sparkhunter Masticore,21,$0.25,V,3,R
10691,Stinging Shot,13,$0.25,G,1,C
10694,Door to Nothingness,19,$1.99,V,5,R
10695,Crashing Drawbridge,19,$0.35,V,2,C
10696,Tumble Magnet,13,$0.25,V,3,U
10697,Ward of Bones,13,$14.99,V,6,R
10699,Void Winnower,13,$13.99,V,9,M
10700,Mycosynth Wellspring,20,$0.25,V,2,C
10701,Storage Matrix,14,$2.49,V,3,R
10705,Culling Scales,14,$0.59,V,3,R
10707,Trufflesnout,12,$0.25,G,3,C
10711,Progenitus,10,$11.99,URBGW,5,M
10713,Palladium Myr,13,$0.25,V,3,U
10718,Ancient Greenwarden,19,$14.99,G,5,M
10721,Myr Battlesphere,16,$0.35,V,7,R
10722,Meteor Golem,12,$0.25,V,7,U
10724,Fist of Suns,12,$12.99,V,3,R
10732,Runaway Steam-Kin,17,$0.59,R,2,R
10783,Warlord's Fury,14,$0.25,R,1,C
10786,Hammer of Bogardan,18,$0.59,R,2,R
10797,"Torbran, Thane of Red Fell",26,$0.99,R,2,R
10799,Keldon Marauders,16,$0.25,R,2,C
10801,Heartfire Immolator,19,$0.25,R,2,U
10805,Fanatical Firebrand,19,$0.25,R,1,C
10807,Magma Jet,9,$0.25,R,2,U
10812,Arclight Phoenix,16,$7.49,R,4,M
10819,The Flame of Keld,17,$0.25,R,2,U
10824,Incinerate,10,$0.25,R,2,C
10828,Maximize Velocity,17,$0.25,R,1,C
10835,Skred,5,$0.35,R,1,C
10842,Demigod of Revenge,18,$2.29,B,1,R
10844,Ground Rift,11,$0.25,R,1,C
10857,Electrostatic Field,19,$0.79,R,2,U
10858,Robber of the Rich,18,$5.99,R,2,M
10861,Cavalcade of Calamity,21,$0.25,R,2,U
10868,Leonin Lightscribe,18,$0.49,W,2,R
10870,Zhalfirin Void,14,$0.25,V,0,U
10871,Brushfire Elemental,19,$0.25,RG,2,U
10872,Forbidden Friendship,20,$0.25,R,2,C
10879,Inspiring Statuary,18,$4.49,V,3,R
10880,Zurgo Bellstriker,17,$0.79,R,1,R
10881,Escape Velocity,15,$0.25,R,1,U
10888,Collateral Damage,17,$0.25,R,1,C
10889,Grim Initiate,13,$0.25,R,1,C
10894,The Biblioplex,14,$0.25,V,0,R
10895,Slaying Fire,12,$0.25,R,3,U
10902,Flameskull,10,$2.99,R,2,M
10904,Flame Jab,9,$0.25,R,1,U
10905,Expedite,8,$0.25,R,1,C
10907,Reckless Rage,13,$0.29,R,1,U
10908,Goblin Wizardry,15,$0.25,R,4,C
10912,Invigorated Rampage,19,$0.25,R,2,U
10913,Flame Javelin,13,$0.25,V,2,U
10914,Goblin Lore,11,$2.99,R,2,U
10915,Weapon Surge,12,$0.25,R,1,C
10927,Secluded Steppe,15,$0.25,V,0,C
10991,Aggressive Mining,17,$0.35,R,4,R
11002,Experimental Frenzy,19,$0.35,R,4,R
11024,Scab-Clan Berserker,19,$0.39,R,2,R
11029,Brittle Effigy,14,$0.25,V,1,R
11030,Ball Lightning,14,$1.49,R,1,R
11034,Ghostfire,9,$0.25,R,3,C
11037,Refraction Trap,15,$0.25,W,4,U
11058,Meteor Swarm,12,$0.25,R,1,R
11062,Ruination Rioter,16,$0.25,RG,2,U
11069,Bonebreaker Giant,17,$0.25,R,5,C
11090,Traitorous Greed,16,$0.25,R,4,U
11091,Scaled Wurm,11,$0.25,G,8,C
11095,Jinxed Choker,13,$1.29,V,3,R
11160,Arch of Orazca,14,$0.99,V,0,R
11167,Eternal Scourge,15,$1.29,V,3,R
11168,Urza's Tome,11,$0.25,V,2,U
11177,Simic Signet,12,$0.29,V,2,C
11179,Cryptic Caves,13,$0.25,V,0,U
11180,Unexpected Results,18,$0.59,UG,4,R
11183,Endless One,11,$1.99,V,0,R
11184,Talisman of Dominance,21,$5.99,V,2,U
11185,Hashep Oasis,12,$0.29,V,0,U
11186,Haunted Fengraf,15,$0.25,V,0,C
11188,Blight Herder,13,$0.35,V,5,R
11192,Talisman of Indulgence,22,$3.49,V,2,U
11196,Coax from the Blind Eternities,30,$0.35,U,3,R
11204,Combustible Gearhulk,20,$0.99,R,5,M
11209,Apex of Power,13,$0.49,R,8,M
11210,Pyromancer's Goggles,20,$2.49,V,5,M
11212,Disaster Radius,15,$0.35,R,6,R
11221,Mobilized District,18,$0.35,V,0,R
11228,Blasphemous Act,15,$2.79,R,9,R
11239,Emergence Zone,14,$0.79,V,0,U
11242,Hedron Archive,14,$0.25,V,4,U
11309,Precursor Golem,15,$0.35,V,5,R
11338,The Immortal Sun,16,$34.99,V,6,M
11340,Akroma's Memorial,17,$13.99,V,7,R
11352,Steel Hellkite,14,$0.35,V,6,R
11356,Pillar of Origins,17,$0.79,V,2,U
11357,Goblin Oriflamme,16,$0.25,R,2,U
11359,Sands of Delirium,17,$1.29,V,3,R
11361,Phyrexian Juggernaut,20,$0.25,V,6,U
11362,Batterbone,10,$0.25,V,2,U
11363,Spawnsire of Ulamog,19,$7.99,V,10,R
11379,Legacy Weapon,13,$3.49,V,7,R
11382,Treasure Map,12,$10.99,V,2,R
11383,God-Pharaoh's Gift,18,$1.49,V,7,R
11478,Skyclave Shade,14,$0.25,B,2,R
11485,Sign in Blood,13,$0.25,B,1,C
11487,Putrid Leech,12,$0.25,BG,2,C
11493,Footfall Crater,15,$0.49,R,1,U
11500,Faithless Salvaging,19,$0.25,R,2,C
11503,Narnam Renegade,15,$0.25,G,1,U
11505,Painful Truths,14,$0.39,B,3,R
11547,Tend the Pests,14,$0.25,BG,2,U
11653,Ultimate Price,14,$0.25,B,2,U
